Precio;Equipo;Jugador;Posición;Puntos;PJ;Casa;Fuera;Media;;;;;;;;;;;;;;;
150000;Mallorca;Domenech;Delantero;8;3;2;1;2.67;;[9579088, 1223690, 4341587, 4265341];9579088;Budimir;9.120.000;Joan García;9.580.000;459.088;912;;;;;;
150000;Mallorca;Abdón Prats;Delantero;6;3;2;1;2.00;;;1223690;Abqar;1.220.000;Colombatto;1.230.000;3.690;6.310;;;;;;
150000;Osasuna;Kike Barja;Centrocampista;3;2;0;2;1.50;;;4341587;Balde;4.340.000;Arambarri;4.370.000;1.587;28.413;;;;;;
150000;Sevilla;Manu Bueno;Centrocampista;3;1;0;1;3.00;;;4265341;Oblak;4.210.000;Sivera;4.280.000;55.341;14.659;;;;;;
150000;Real Sociedad;Jon Karrikaburu;Delantero;3;2;1;1;1.50;;[3 798 868, 11 136 054, 3 033 837, 1 494 958];3798868;Aimar Oroz;3.780.000;Cabrera;3.800.000;18.868;1.132;;;;;;
150000;Levante;Espí;Delantero;3;2;1;1;1.50;;;11136054;Lo Celso;10.080.000;Pépé;11.250.000;1.056.054;113.946;;;;;;
150000;Mallorca;Lato;Defensa;2;2;1;1;1.00;;;3033837;Carlos Álvarez;3.020.000;Le Normand;3.040.000;13.837;6.163;;;;;;
150000;Espanyol;Rubén Sánchez;Defensa;2;1;1;0;2.00;;;1494958;Álvaro Rodríguez;1.490.000;De la Fuente;1.510.000;4.958;15.042;;;;;;
150000;Athletic;Nico Serrano;Delantero;2;1;1;0;2.00;;[17613885, 2348203];17613885;Pedri;17.470.000;Yamal;20.110.000;143.885;2.496.115;;;;;;
150000;Elche;Diaby;Defensa;2;1;1;0;2.00;;;2348203;Mojica;2.320.000;Febas;2.350.000;28.203;1.797;;;;;;
150000;Alavés;Nikola Maras;Defensa;0;0;0;0;0.00;;[4812447, 9025362, 5496967];4812447;Laporte;4.770.000;Carvajal;4.860.000;42.447;47.553;;;;;;
150000;Girona;Juan Carlos;Portero;0;0;0;0;0.00;;;9025362;Kubo;8.740.000;Budimir;9.120.000;285.362;94.638;;;;;;
150000;Mallorca;Cuéllar;Portero;0;0;0;0;0.00;;;5496967;Álvaro García;5.410.000;Rafa Mir;5.540.000;86.967;43.033;Iñaki Williams;5540000;43.033;;;
150000;Athletic;Lekue;Defensa;0;0;0;0;0.00;;[3833492, 7150365, 2021368];3833492;Rosier;3.830.000;Eric García;3.860.000;3.492;26.508;Carlos Romero;3880000;46.508;Brais Méndez;3810000;23.492
150000;Real Oviedo;Álvaro Lemos;Defensa;0;0;0;0;0.00;;;7150365;Álvaro Carreras;7.100.000;Etta Eyong;7.430.000;50.365;279.635;;;;;;
150000;Real Sociedad;Odriozola;Defensa;0;0;0;0;0.00;;;2021368;Ruggeri;2.010.000;Hugo Álvarez;2.050.000;11.368;28.632;;;;;;
150000;Alavés;Raúl Fernández;Portero;0;0;0;0;0.00;;[3833492, 2414160, 7150365, 3043820, 2021368, 1314750];2414160;Kike García;2.410.000;Mendoza;2.430.000;4.160;15.840;;;;;;
150000;Real Madrid;Fran González;Portero;0;0;0;0;0.00;;;3043820;Le Normand;3.040.000;Catena;3.050.000;3.820;6.180;;;;;;
150000;Celta;Franco Cervi;Delantero;0;0;0;0;0.00;;;1314750;Moi Gómez;1.310.000;Guruzeta;1.320.000;4.750;5.250;;;;;;
150000;Celta;Aidoo;Defensa;0;0;0;0;0.00;;[16801808, 3072390];16801808;Vinícius Jr;15.400.000;Raphinha;17.000.000;1.401.808;198.192;;;;;;
150000;Valencia;Cristian Rivero;Portero;0;0;0;0;0.00;;;3072390;Camavinga;3.060.000;Hancko;3.080.000;12.390;7.610;;;;;;
150000;Espanyol;Javi Hernández;Centrocampista;0;0;0;0;0.00;;;;;;;;;;;;;;;
150000;Mallorca;Javi Llabrés;Delantero;0;0;0;0;0.00;;;;;;;;;;;;;;;
150000;Valencia;Cömert;Defensa;0;0;0;0;0.00;;;;;;;;;;;;;;;
150000;Villarreal;Pau Cabanes;Delantero;0;0;0;0;0.00;;;;;;;;;;;;;;;
150000;Espanyol;Fortuño;Portero;0;0;0;0;0.00;;;;;;;;;;;;;;;
150000;Real Sociedad;Unai Marrero;Portero;0;0;0;0;0.00;;;;;;;;;;;;;;;
150000;Real Sociedad;Alberto Dadie;Delantero;0;0;0;0;0.00;;;;;;;;;;;;;;;
150000;Getafe;Risco;Centrocampista;0;0;0;0;0.00;;;;;;;;;;;;;;;
150000;Osasuna;Ander Yoldi;Delantero;0;0;0;0;0.00;;;;;;;;;;;;;;;
150000;Getafe;Letacek;Portero;0;0;0;0;0.00;;;;;;;;;;;;;;;
150000;Celta;Marc Vidal;Portero;0;0;0;0;0.00;;;;;;;;;;;;;;;
150000;Mallorca;Bergström;Portero;0;0;0;0;0.00;;;;;;;;;;;;;;;
150000;Atlético;Juan Musso;Portero;0;0;0;0;0.00;;;;;;;;;;;;;;;
150000;Mallorca;David López;Defensa;0;0;0;0;0.00;;;;;;;;;;;;;;;
150000;Sevilla;Ramón Martínez;Defensa;0;0;0;0;0.00;;;;;;;;;;;;;;;
150000;Real Sociedad;Mariezkurrena;Delantero;0;0;0;0;0.00;;;;;;;;;;;;;;;
150000;Elche;Boayar;Delantero;0;0;0;0;0.00;;;;;;;;;;;;;;;
150000;Elche;Yago Santiago;Delantero;0;0;0;0;0.00;;;;;;;;;;;;;;;
150000;Athletic;Egiluz;Defensa;0;0;0;0;0.00;;;;;;;;;;;;;;;
150000;Betis;Mawuli;Centrocampista;0;0;0;0;0.00;;;;;;;;;;;;;;;
150000;Athletic;Álex Padilla;Portero;-3;1;0;1;-3.00;;;;;;;;;;;;;;;
160000;Real Oviedo;Ahijado;Defensa;6;2;0;2;3.00;;;;;;;;;;;;;;;
160000;Rayo Vallecano;Trejo;Centrocampista;5;2;0;2;2.50;;;;;;;;;;;;;;;
160000;Sevilla;Januzaj;Centrocampista;4;2;1;1;2.00;;;;;;;;;;;;;;;
160000;Girona;Francés;Defensa;4;2;1;1;2.00;;;;;;;;;;;;;;;
160000;Alavés;Benavidez;Centrocampista;1;1;1;0;1.00;;;;;;;;;;;;;;;
160000;Levante;Álex Primo;Portero;0;0;0;0;0.00;;;;;;;;;;;;;;;
160000;Villarreal;Adrià Altimira;Defensa;0;0;0;0;0.00;;;;;;;;;;;;;;;
160000;Real Sociedad;Goti;Centrocampista;0;1;1;0;0.00;;;;;;;;;;;;;;;
170000;Celta;Damián Rodríguez;Centrocampista;0;0;0;0;0.00;;;;;;;;;;;;;;;
170000;Osasuna;Aitor Fernández;Portero;0;0;0;0;0.00;;;;;;;;;;;;;;;
170000;Getafe;Nyom;Centrocampista;0;0;0;0;0.00;;;;;;;;;;;;;;;
170000;Osasuna;Iker Muñoz;Centrocampista;0;0;0;0;0.00;;;;;;;;;;;;;;;
170000;Athletic;Boiro;Defensa;0;0;0;0;0.00;;;;;;;;;;;;;;;
180000;Celta;Ristic;Defensa;7;3;2;1;2.33;;;;;;;;;;;;;;;
180000;Elche;Ali Houary;Centrocampista;4;2;1;1;2.00;;;;;;;;;;;;;;;
180000;Real Sociedad;Zakharyan;Centrocampista;1;2;1;1;0.50;;;;;;;;;;;;;;;
180000;Real Madrid;Mendy;Defensa;0;0;0;0;0.00;;;;;;;;;;;;;;;
180000;Celta;Iván Villar;Portero;0;0;0;0;0.00;;;;;;;;;;;;;;;
180000;Rayo Vallecano;Nobel Mendy;Defensa;0;0;0;0;0.00;;;;;;;;;;;;;;;
180000;Elche;Iturbe;Portero;0;0;0;0;0.00;;;;;;;;;;;;;;;
190000;Celta;El-Abdellaoui;Delantero;3;1;1;0;3.00;;;;;;;;;;;;;;;
190000;Sevilla;Álvaro Fernández;Portero;0;0;0;0;0.00;;;;;;;;;;;;;;;
190000;Villarreal;Kambwala;Defensa;0;0;0;0;0.00;;;;;;;;;;;;;;;
190000;Levante;Matturro;Defensa;0;0;0;0;0.00;;;;;;;;;;;;;;;
200000;Alavés;Abde Rebbach;Delantero;9;3;2;1;3.00;;;;;;;;;;;;;;;
200000;Rayo Vallecano;Nteka;Delantero;6;2;0;2;3.00;;;;;;;;;;;;;;;
210000;Barcelona;Torrents;Defensa;7;2;1;1;3.50;;;;;;;;;;;;;;;
210000;Real Oviedo;Forés;Delantero;7;2;0;2;3.50;;;;;;;;;;;;;;;
210000;Osasuna;Herrando;Defensa;6;2;1;1;3.00;;;;;;;;;;;;;;;
210000;Athletic;Urko Izeta;Delantero;2;1;1;0;2.00;;;;;;;;;;;;;;;
210000;Rayo Vallecano;Dani Cárdenas;Portero;0;0;0;0;0.00;;;;;;;;;;;;;;;
220000;Celta;Miguel Román;Centrocampista;5;1;1;0;5.00;;;;;;;;;;;;;;;
220000;Betis;Angel Ortiz;Defensa;4;1;1;0;4.00;;;;;;;;;;;;;;;
220000;Espanyol;Antoniu Roca;Delantero;3;2;0;2;1.50;;;;;;;;;;;;;;;
230000;Espanyol;Salinas;Defensa;5;2;1;1;2.50;;;;;;;;;;;;;;;
230000;Atlético;Molina;Defensa;2;2;1;1;1.00;;;;;;;;;;;;;;;
240000;Atlético;Carlos Martín;Delantero;0;0;0;0;0.00;;;;;;;;;;;;;;;
250000;Levante;Losada;Delantero;3;2;1;1;1.50;;;;;;;;;;;;;;;
250000;Girona;Abel Ruiz;Delantero;0;0;0;0;0.00;;;;;;;;;;;;;;;
260000;Sevilla;Jordán;Centrocampista;0;0;0;0;0.00;;;;;;;;;;;;;;;
260000;Betis;Adrián;Portero;0;0;0;0;0.00;;;;;;;;;;;;;;;
260000;Real Oviedo;Dominguès;Centrocampista;0;0;0;0;0.00;;;;;;;;;;;;;;;
270000;Levante;Cabello;Defensa;5;3;1;2;1.67;;;;;;;;;;;;;;;
270000;Getafe;Juanmi;Delantero;0;0;0;0;0.00;;;;;;;;;;;;;;;
280000;Alavés;Victor Parada;Defensa;6;4;2;2;1.50;;;;;;;;;;;;;;;
280000;Real Sociedad;Elustondo;Defensa;4;3;1;2;1.33;;;;;;;;;;;;;;;
280000;Alavés;Yusi Enríquez;Defensa;4;2;2;0;2.00;;;;;;;;;;;;;;;
280000;Rayo Vallecano;Gumbau;Centrocampista;0;3;1;2;0.00;;;;;;;;;;;;;;;
290000;Getafe;Alex Sancris;Delantero;2;1;0;1;2.00;;;;;;;;;;;;;;;
290000;Real Madrid;Lunin;Portero;0;0;0;0;0.00;;;;;;;;;;;;;;;
300000;Elche;Diangana;Delantero;2;1;1;0;2.00;;;;;;;;;;;;;;;
300000;Barcelona;Ter Stegen;Portero;0;0;0;0;0.00;;;;;;;;;;;;;;;
300000;Valencia;Correia;Defensa;-1;1;0;1;-1.00;;;;;;;;;;;;;;;
310000;Alavés;Calebe;Centrocampista;5;2;1;1;2.50;;;;;;;;;;;;;;;
310000;Villarreal;Logan Costa;Defensa;0;0;0;0;0.00;;;;;;;;;;;;;;;
320000;Athletic;Unai Gómez;Centrocampista;7;3;1;2;2.33;;;;;;;;;;;;;;;
330000;Betis;Ricardo Rodríguez;Defensa;8;3;1;2;2.67;;;;;;;;;;;;;;;
330000;Elche;John Donald;Centrocampista;6;3;1;2;2.00;;;;;;;;;;;;;;;
330000;Levante;Pampín;Defensa;4;2;1;1;2.00;;;;;;;;;;;;;;;
340000;Alavés;Jon Pacheco;Defensa;3;1;0;1;3.00;;;;;;;;;;;;;;;
340000;Valencia;Dimitrievski;Portero;0;0;0;0;0.00;;;;;;;;;;;;;;;
350000;Celta;Carlos Dominguez;Defensa;9;3;2;1;3.00;;;;;;;;;;;;;;;
350000;Real Oviedo;Ejaria;Delantero;8;2;2;0;4.00;;;;;;;;;;;;;;;
360000;Athletic;Yeray;Defensa;0;0;0;0;0.00;;;;;;;;;;;;;;;
370000;Levante;Kervin Arriaga;Centrocampista;6;2;1;1;3.00;;;;;;;;;;;;;;;
370000;Alavés;Moussa Diarra;Defensa;5;3;2;1;1.67;;;;;;;;;;;;;;;
370000;Rayo Vallecano;Mumin;Defensa;0;0;0;0;0.00;;;;;;;;;;;;;;;
390000;Girona;Jhon Solís;Centrocampista;7;5;3;2;1.40;;;;;;;;;;;;;;;
390000;Betis;Chimy Ávila;Delantero;6;3;1;2;2.00;;;;;;;;;;;;;;;
390000;Athletic;Gorosabel;Defensa;5;2;1;1;2.50;;;;;;;;;;;;;;;
400000;Levante;Matías Moreno;Defensa;10;3;1;2;3.33;;;;;;;;;;;;;;;
400000;Atlético;Galán;Defensa;4;2;2;0;2.00;;;;;;;;;;;;;;;
410000;Mallorca;Mascarell;Centrocampista;6;2;2;0;3.00;;;;;;;;;;;;;;;
420000;Villarreal;Pau Navarro;Defensa;5;1;1;0;5.00;;;;;;;;;;;;;;;
420000;Villarreal;Diego Conde;Portero;0;0;0;0;0.00;;;;;;;;;;;;;;;
430000;Athletic;Rego;Centrocampista;6;2;1;1;3.00;;;;;;;;;;;;;;;
440000;Celta;Yoel Lago;Defensa;10;3;2;1;3.33;;;;;;;;;;;;;;;
440000;Villarreal;Akhomach;Delantero;6;3;2;1;2.00;;;;;;;;;;;;;;;
440000;Real Oviedo;Moldovan;Portero;0;0;0;0;0.00;;;;;;;;;;;;;;;
460000;Levante;Víctor García;Defensa;6;3;1;2;2.00;;;;;;;;;;;;;;;
470000;Rayo Vallecano;Vertrouwd;Defensa;3;1;0;1;3.00;;;;;;;;;;;;;;;
490000;Valencia;Jesús Vázquez;Defensa;11;4;3;1;2.75;;;;;;;;;;;;;;;
510000;Alavés;Guevara;Centrocampista;7;3;2;1;2.33;;;;;;;;;;;;;;;
520000;Levante;Vencedor;Centrocampista;5;1;0;1;5.00;;;;;;;;;;;;;;;
520000;Real Oviedo;Javi López;Defensa;3;1;0;1;3.00;;;;;;;;;;;;;;;
520000;Real Madrid;Endrick;Delantero;0;0;0;0;0.00;;;;;;;;;;;;;;;
530000;Elche;Pétrot;Defensa;10;5;3;2;2.00;;;;;;;;;;;;;;;
530000;Getafe;Bekhoucha;Defensa;7;3;1;2;2.33;;;;;;;;;;;;;;;
560000;Villarreal;Pedraza;Defensa;10;3;2;1;3.33;;;;;;;;;;;;;;;
560000;Espanyol;Koleosho;Delantero;3;2;1;1;1.50;;;;;;;;;;;;;;;
570000;Athletic;Vesga;Centrocampista;12;5;3;2;2.40;;;;;;;;;;;;;;;
570000;Girona;Krapyvtsov;Portero;6;2;1;1;3.00;;;;;;;;;;;;;;;
570000;Real Madrid;David Alaba;Defensa;2;1;0;1;2.00;;;;;;;;;;;;;;;
580000;Osasuna;Iker Benito;Centrocampista;13;2;1;1;6.50;;;;;;;;;;;;;;;
580000;Athletic;Beñat Prados;Centrocampista;5;2;1;1;2.50;;;;;;;;;;;;;;;
580000;Barcelona;Szczęsny;Portero;0;0;0;0;0.00;;;;;;;;;;;;;;;
590000;Getafe;Coba Gomes;Delantero;6;3;1;2;2.00;;;;;;;;;;;;;;;
590000;Rayo Vallecano;Balliu;Defensa;4;1;1;0;4.00;;;;;;;;;;;;;;;
590000;Atlético;Giménez;Defensa;0;0;0;0;0.00;;;;;;;;;;;;;;;
600000;Celta;Manu Fernández;Defensa;15;4;2;2;3.75;;;;;;;;;;;;;;;
600000;Sevilla;Marcão;Defensa;13;4;1;3;3.25;;;;;;;;;;;;;;;
630000;Rayo Vallecano;Pacha Espino;Defensa;5;3;2;1;1.67;;;;;;;;;;;;;;;
640000;Espanyol;Pickel;Centrocampista;3;2;1;1;1.50;;;;;;;;;;;;;;;
640000;Girona;Van de Beek;Centrocampista;2;1;0;1;2.00;;;;;;;;;;;;;;;
640000;Real Oviedo;Eric Bailly;Defensa;0;0;0;0;0.00;;;;;;;;;;;;;;;
650000;Mallorca;Antonio Sánchez;Centrocampista;10;4;3;1;2.50;;;;;;;;;;;;;;;
720000;Elche;Josan;Centrocampista;5;1;1;0;5.00;;;;;;;;;;;;;;;
730000;Sevilla;Peque;Delantero;15;4;2;2;3.75;;;;;;;;;;;;;;;
740000;Mallorca;Jan Virgili;Delantero;13;3;1;2;4.33;;;;;;;;;;;;;;;
740000;Elche;Pedrosa;Defensa;5;2;1;1;2.50;;;;;;;;;;;;;;;
750000;Espanyol;Jofre Carreras;Centrocampista;5;2;1;1;2.50;;;;;;;;;;;;;;;
750000;Espanyol;Riedel;Defensa;0;0;0;0;0.00;;;;;;;;;;;;;;;
760000;Rayo Vallecano;Camello;Delantero;10;4;2;2;2.50;;;;;;;;;;;;;;;
760000;Sevilla;Cardoso;Defensa;0;0;0;0;0.00;;;;;;;;;;;;;;;
770000;Osasuna;Raul García;Delantero;18;5;2;3;3.60;;;;;;;;;;;;;;;
780000;Rayo Vallecano;Óscar Valentín;Centrocampista;13;3;2;1;4.33;;;;;;;;;;;;;;;
780000;Real Oviedo;Luengo;Defensa;8;2;1;1;4.00;;;;;;;;;;;;;;;
790000;Getafe;Javi Muñoz;Centrocampista;2;1;0;1;2.00;;;;;;;;;;;;;;;
810000;Mallorca;Asano;Delantero;8;4;3;1;2.00;;;;;;;;;;;;;;;
840000;Elche;Redondo;Centrocampista;4;2;1;1;2.00;;;;;;;;;;;;;;;
850000;Real Sociedad;Aihen;Defensa;8;3;1;2;2.67;;;;;;;;;;;;;;;
860000;Betis;Valentín Gómez;Defensa;12;4;2;2;3.00;;;;;;;;;;;;;;;
870000;Real Madrid;Fran García;Defensa;3;1;0;1;3.00;;;;;;;;;;;;;;;
870000;Betis;Marc Roca;Centrocampista;3;1;1;0;3.00;;;;;;;;;;;;;;;
870000;Real Sociedad;Sadiq;Delantero;0;0;0;0;0.00;;;;;;;;;;;;;;;
880000;Girona;Portu;Delantero;11;5;3;2;2.20;;;;;;;;;;;;;;;
920000;Barcelona;Roony;Delantero;10;2;2;0;5.00;;;;;;;;;;;;;;;
930000;Celta;Pablo Durán;Delantero;12;6;4;2;2.00;;;;;;;;;;;;;;;
930000;Atlético;Pubill;Defensa;3;1;1;0;3.00;;;;;;;;;;;;;;;
940000;Real Oviedo;Viñas;Delantero;6;4;2;2;1.50;;;;;;;;;;;;;;;
950000;Real Sociedad;Turrientes;Centrocampista;8;3;1;2;2.67;;;;;;;;;;;;;;;
950000;Getafe;Neyou;Centrocampista;2;1;1;0;2.00;;;;;;;;;;;;;;;
960000;Valencia;Filip Ugrinic;Centrocampista;5;3;1;2;1.67;;;;;;;;;;;;;;;
960000;Osasuna;Becker;Delantero;2;1;0;1;2.00;;;;;;;;;;;;;;;
980000;Girona;David López;Defensa;8;3;2;1;2.67;;;;;;;;;;;;;;;
980000;Getafe;Kamara;Delantero;3;2;1;1;1.50;;;;;;;;;;;;;;;
990000;Betis;Bakambu;Delantero;13;5;2;3;2.60;;;;;;;;;;;;;;;
990000;Real Sociedad;Jon Martín;Defensa;2;1;1;0;2.00;;;;;;;;;;;;;;;
990000;Villarreal;Arnau Tenas;Portero;0;0;0;0;0.00;;;;;;;;;;;;;;;
1000000;Celta;Swedberg;Centrocampista;4;4;3;1;1.00;;;;;;;;;;;;;;;
1010000;Sevilla;Sow;Centrocampista;2;1;0;1;2.00;;;;;;;;;;;;;;;
1050000;Elche;Marc Aguado;Centrocampista;12;4;3;1;3.00;;;;;;;;;;;;;;;
1050000;Valencia;André Almeida;Centrocampista;5;2;2;0;2.50;;;;;;;;;;;;;;;
1060000;Getafe;Domingos Duarte;Defensa;13;4;1;3;3.25;;;;;;;;;;;;;;;
1060000;Mallorca;Morlanes;Centrocampista;4;4;2;2;1.00;;;;;;;;;;;;;;;
1060000;Mallorca;Maffeo;Defensa;2;1;0;1;2.00;;;;;;;;;;;;;;;
1070000;Levante;Brugué;Delantero;7;5;2;3;1.40;;;;;;;;;;;;;;;
1070000;Girona;Hugo Rincón;Defensa;4;4;3;1;1.00;;;;;;;;;;;;;;;
1080000;Elche;Chust;Defensa;10;3;1;2;3.33;;;;;;;;;;;;;;;
1090000;Osasuna;Juan Cruz;Defensa;16;5;2;3;3.20;;;;;;;;;;;;;;;
1090000;Real Oviedo;Sibo;Centrocampista;13;4;2;2;3.25;;;;;;;;;;;;;;;
1100000;Girona;Witsel;Defensa;1;3;2;1;0.33;;;;;;;;;;;;;;;
1140000;Espanyol;Urko Gonzalez;Defensa;11;4;2;2;2.75;;;;;;;;;;;;;;;
1150000;Levante;Koyalipou;Delantero;12;2;1;1;6.00;;;;;;;;;;;;;;;
1150000;Sevilla;Ejuke;Delantero;10;3;1;2;3.33;;;;;;;;;;;;;;;
1170000;Rayo Vallecano;Fran Pérez;Delantero;15;2;1;1;7.50;;;;;;;;;;;;;;;
1180000;Real Oviedo;David Costas;Defensa;14;3;2;1;4.67;;;;;;;;;;;;;;;
1180000;Alavés;Boyé;Delantero;3;2;1;1;1.50;;;;;;;;;;;;;;;
1210000;Mallorca;Kumbulla;Defensa;10;4;2;2;2.50;;;;;;;;;;;;;;;
1210000;Celta;Fran Beltrán;Centrocampista;9;3;1;2;3.00;;;;;;;;;;;;;;;
1210000;Levante;Olasagasti;Centrocampista;9;3;1;2;3.00;;;;;;;;;;;;;;;
1220000;Girona;Arnau Martínez;Defensa;9;4;3;1;2.25;;;;;;;;;;;;;;;
1220000;Getafe;Abqar;Defensa;6;2;1;1;3.00;;;;;;;;;;;;;;;
1230000;Real Oviedo;Colombatto;Centrocampista;3;1;0;1;3.00;;;;;;;;;;;;;;;
1240000;Alavés;Mariano;Delantero;11;5;3;2;2.20;;;;;;;;;;;;;;;
1240000;Elche;Héctor Fort;Defensa;5;2;1;1;2.50;;;;;;;;;;;;;;;
1250000;Real Madrid;Asencio;Defensa;10;2;1;1;5.00;;;;;;;;;;;;;;;
1250000;Real Sociedad;Luka Sucic;Centrocampista;5;3;1;2;1.67;;;;;;;;;;;;;;;
1260000;Osasuna;Bretones;Defensa;7;3;1;2;2.33;;;;;;;;;;;;;;;
1280000;Valencia;Foulquier;Defensa;10;5;3;2;2.00;;;;;;;;;;;;;;;
1300000;Sevilla;Nianzou;Defensa;10;2;1;1;5.00;;;;;;;;;;;;;;;
1310000;Osasuna;Moi Gómez;Centrocampista;16;3;1;2;5.33;;;;;;;;;;;;;;;
1320000;Athletic;Guruzeta;Delantero;5;3;3;0;1.67;;;;;;;;;;;;;;;
1340000;Getafe;Davinchi;Defensa;15;5;1;4;3.00;;;;;;;;;;;;;;;
1340000;Girona;Stuani;Delantero;2;1;1;0;2.00;;;;;;;;;;;;;;;
1370000;Mallorca;Mateu Morey;Defensa;19;5;3;2;3.80;;;;;;;;;;;;;;;
1370000;Getafe;Kiko Femenía;Defensa;5;2;1;1;2.50;;;;;;;;;;;;;;;
1380000;Alavés;Guridi;Centrocampista;11;5;3;2;2.20;;;;;;;;;;;;;;;
1390000;Celta;Carreira;Defensa;17;4;2;2;4.25;;;;;;;;;;;;;;;
1390000;Real Oviedo;Rondón;Delantero;6;4;2;2;1.50;;;;;;;;;;;;;;;
1420000;Atlético;Gallagher;Centrocampista;20;5;2;3;4.00;;;;;;;;;;;;;;;
1440000;Betis;Pablo García;Delantero;16;5;3;2;3.20;;;;;;;;;;;;;;;
1440000;Girona;Vitor Reis;Defensa;7;5;3;2;1.40;;;;;;;;;;;;;;;
1450000;Real Oviedo;Chaira;Delantero;15;4;2;2;3.75;;;;;;;;;;;;;;;
1450000;Celta;Javi Rodríguez;Defensa;13;5;4;1;2.60;;;;;;;;;;;;;;;
1450000;Valencia;Copete;Defensa;6;4;2;2;1.50;;;;;;;;;;;;;;;
1480000;Barcelona;Christensen;Defensa;20;3;1;2;6.67;;;;;;;;;;;;;;;
1490000;Elche;Neto;Centrocampista;23;5;3;2;4.60;;;;;;;;;;;;;;;
1490000;Elche;Álvaro Rodríguez;Delantero;10;4;2;2;2.50;;;;;;;;;;;;;;;
1510000;Levante;De la Fuente;Defensa;15;4;2;2;3.75;;;;;;;;;;;;;;;
1520000;Getafe;Juan Iglesias;Defensa;10;4;1;3;2.50;;;;;;;;;;;;;;;
1520000;Celta;Starfelt;Defensa;6;2;1;1;3.00;;;;;;;;;;;;;;;
1530000;Mallorca;Mateo Joseph;Delantero;13;4;2;2;3.25;;;;;;;;;;;;;;;
1530000;Mallorca;Dani Rodríguez;Centrocampista;5;2;2;0;2.50;;;;;;;;;;;;;;;
1540000;Real Madrid;Ceballos;Centrocampista;12;4;2;2;3.00;;;;;;;;;;;;;;;
1550000;Atlético;Koke;Centrocampista;23;4;1;3;5.75;;;;;;;;;;;;;;;
1550000;Sevilla;Azpilicueta;Defensa;8;2;1;1;4.00;;;;;;;;;;;;;;;
1560000;Sevilla;Juanlu;Centrocampista;14;5;2;3;2.80;;;;;;;;;;;;;;;
1560000;Real Oviedo;David Carmo;Defensa;7;2;0;2;3.50;;;;;;;;;;;;;;;
1570000;Real Oviedo;Alhassane;Defensa;16;5;2;3;3.20;;;;;;;;;;;;;;;
1570000;Real Oviedo;Nacho Vidal;Defensa;13;5;2;3;2.60;;;;;;;;;;;;;;;
1580000;Levante;Oriol Rey;Centrocampista;17;5;2;3;3.40;;;;;;;;;;;;;;;
1580000;Real Oviedo;Luka Ilic;Centrocampista;4;5;2;3;0.80;;;;;;;;;;;;;;;
1590000;Rayo Vallecano;Alemão;Delantero;4;2;1;1;2.00;;;;;;;;;;;;;;;
1610000;Atlético;Lenglet;Defensa;13;3;1;2;4.33;;;;;;;;;;;;;;;
1610000;Real Sociedad;Caleta-Car;Defensa;13;4;1;3;3.25;;;;;;;;;;;;;;;
1660000;Levante;Elgezabal;Defensa;18;5;2;3;3.60;;;;;;;;;;;;;;;
1670000;Espanyol;Pol Lozano;Centrocampista;14;5;3;2;2.80;;;;;;;;;;;;;;;
1690000;Real Oviedo;Cazorla;Centrocampista;13;5;2;3;2.60;;;;;;;;;;;;;;;
1690000;Girona;Blind;Defensa;9;5;3;2;1.80;;;;;;;;;;;;;;;
1700000;Girona;Iván Martín;Centrocampista;13;4;2;2;3.25;;;;;;;;;;;;;;;
1720000;Sevilla;Carmona;Defensa;18;4;1;3;4.50;;;;;;;;;;;;;;;
1720000;Alavés;Denis Suárez;Centrocampista;10;3;2;1;3.33;;;;;;;;;;;;;;;
1740000;Alavés;Pablo Ibáñez;Centrocampista;19;5;3;2;3.80;;;;;;;;;;;;;;;
1740000;Real Madrid;Rüdiger;Defensa;6;1;0;1;6.00;;;;;;;;;;;;;;;
1750000;Levante;Manu Sánchez;Defensa;19;5;2;3;3.80;;;;;;;;;;;;;;;
1750000;Sevilla;Gudelj;Defensa;15;5;2;3;3.00;;;;;;;;;;;;;;;
1760000;Real Oviedo;Calvo;Defensa;17;5;2;3;3.40;;;;;;;;;;;;;;;
1780000;Espanyol;Calero;Defensa;21;5;3;2;4.20;;;;;;;;;;;;;;;
1780000;Girona;Álex Moreno;Defensa;10;4;2;2;2.50;;;;;;;;;;;;;;;
1780000;Sevilla;Akor Adams;Delantero;7;3;1;2;2.33;;;;;;;;;;;;;;;
1780000;Sevilla;Odysseas;Portero;6;1;0;1;6.00;;;;;;;;;;;;;;;
1800000;Levante;Pablo Campos;Portero;13;2;1;1;6.50;;;;;;;;;;;;;;;
1820000;Villarreal;Oluwaseyi;Delantero;7;3;1;2;2.33;;;;;;;;;;;;;;;
1820000;Barcelona;Marc Bernal;Centrocampista;6;1;1;0;6.00;;;;;;;;;;;;;;;
1830000;Sevilla;Andrés Castrín;Defensa;19;4;2;2;4.75;;;;;;;;;;;;;;;
1850000;Rayo Vallecano;Luiz Felipe;Defensa;14;4;1;3;3.50;;;;;;;;;;;;;;;
1860000;Betis;Deossa;Centrocampista;6;2;1;1;3.00;;;;;;;;;;;;;;;
1870000;Girona;Joel Roca;Delantero;19;5;3;2;3.80;;;;;;;;;;;;;;;
1880000;Real Sociedad;Zubeldia;Defensa;10;5;2;3;2.00;;;;;;;;;;;;;;;
1890000;Real Sociedad;Pablo Marín;Centrocampista;15;5;2;3;3.00;;;;;;;;;;;;;;;
1890000;Real Sociedad;Óskarsson;Delantero;14;3;1;2;4.67;;;;;;;;;;;;;;;
1900000;Betis;Firpo;Defensa;9;4;3;1;2.25;;;;;;;;;;;;;;;
1900000;Elche;Iñaki Peña;Portero;5;1;1;0;5.00;;;;;;;;;;;;;;;
1930000;Espanyol;Miguel Rubio;Defensa;24;4;3;1;6.00;;;;;;;;;;;;;;;
1930000;Girona;Lemar;Centrocampista;7;3;2;1;2.33;;;;;;;;;;;;;;;
1940000;Levante;Pablo Martínez;Centrocampista;20;5;2;3;4.00;;;;;;;;;;;;;;;
1960000;Valencia;Ramazani;Delantero;7;3;2;1;2.33;;;;;;;;;;;;;;;
1970000;Real Oviedo;Brekalo;Delantero;6;4;2;2;1.50;;;;;;;;;;;;;;;
1980000;Levante;Toljan;Defensa;24;5;2;3;4.80;;;;;;;;;;;;;;;
1980000;Valencia;Lucas Beltrán;Centrocampista;2;2;1;1;1.00;;;;;;;;;;;;;;;
1990000;Valencia;Santamaria;Centrocampista;24;5;3;2;4.80;;;;;;;;;;;;;;;
2000000;Real Oviedo;Alberto Reina;Centrocampista;8;4;1;3;2.00;;;;;;;;;;;;;;;
2010000;Betis;Ruibal;Centrocampista;19;3;1;2;6.33;;;;;;;;;;;;;;;
2010000;Atlético;Ruggeri;Defensa;12;5;2;3;2.40;;;;;;;;;;;;;;;
2050000;Celta;Hugo Álvarez;Centrocampista;21;4;3;1;5.25;;;;;;;;;;;;;;;
2060000;Athletic;Sannadi;Delantero;14;5;3;2;2.80;;;;;;;;;;;;;;;
2070000;Betis;Pau López;Portero;14;3;2;1;4.67;;;;;;;;;;;;;;;
2070000;Espanyol;Terrats;Centrocampista;11;4;3;1;2.75;;;;;;;;;;;;;;;
2090000;Real Madrid;Gonzalo García;Delantero;6;4;3;1;1.50;;;;;;;;;;;;;;;
2100000;Espanyol;Dolan;Delantero;22;5;3;2;4.40;;;;;;;;;;;;;;;
2100000;Alavés;Toni Martínez;Delantero;21;5;3;2;4.20;;;;;;;;;;;;;;;
2120000;Getafe;Mario Martín;Centrocampista;20;5;1;4;4.00;;;;;;;;;;;;;;;
2120000;Alavés;Aleñá;Centrocampista;15;5;3;2;3.00;;;;;;;;;;;;;;;
2130000;Real Sociedad;Gorrotxategi;Centrocampista;13;4;2;2;3.25;;;;;;;;;;;;;;;
2170000;Athletic;Robert Navarro;Centrocampista;18;4;2;2;4.50;;;;;;;;;;;;;;;
2170000;Rayo Vallecano;Unai López;Centrocampista;17;5;2;3;3.40;;;;;;;;;;;;;;;
2190000;Betis;Diego Llorente;Defensa;4;1;1;0;4.00;;;;;;;;;;;;;;;
2200000;Real Madrid;Brahim;Delantero;9;5;3;2;1.80;;;;;;;;;;;;;;;
2200000;Betis;Álvaro Valles;Portero;7;3;1;2;2.33;;;;;;;;;;;;;;;
2230000;Girona;Asprilla;Delantero;18;5;3;2;3.60;;;;;;;;;;;;;;;
2230000;Real Sociedad;Yangel Herrera;Centrocampista;4;2;1;1;2.00;;;;;;;;;;;;;;;
2240000;Mallorca;Samú Costa;Centrocampista;12;3;1;2;4.00;;;;;;;;;;;;;;;
2240000;Barcelona;Marc Casadó;Centrocampista;12;3;2;1;4.00;;;;;;;;;;;;;;;
2290000;Betis;Bellerín;Defensa;24;6;3;3;4.00;;;;;;;;;;;;;;;
2300000;Alavés;Facundo Garcés;Defensa;22;5;3;2;4.40;;;;;;;;;;;;;;;
2300000;Sevilla;Nyland;Portero;12;4;2;2;3.00;;;;;;;;;;;;;;;
2320000;Mallorca;Mojica;Defensa;18;5;3;2;3.60;;;;;;;;;;;;;;;
2350000;Elche;Febas;Centrocampista;22;5;3;2;4.40;;;;;;;;;;;;;;;
2370000;Villarreal;Renato Veiga;Defensa;6;4;2;2;1.50;;;;;;;;;;;;;;;
2390000;Sevilla;Gabriel Suazo;Defensa;14;3;1;2;4.67;;;;;;;;;;;;;;;
2400000;Elche;Álvaro Núñez;Defensa;24;5;3;2;4.80;;;;;;;;;;;;;;;
2400000;Valencia;Gayà;Defensa;-2;4;2;2;-0.50;;;;;;;;;;;;;;;
2410000;Espanyol;Kike García;Delantero;18;5;3;2;3.60;;;;;;;;;;;;;;;
2430000;Elche;Mendoza;Centrocampista;26;5;3;2;5.20;;;;;;;;;;;;;;;
2430000;Sevilla;Batista;Centrocampista;9;2;1;1;4.50;;;;;;;;;;;;;;;
2440000;Osasuna;Rubén García;Centrocampista;14;5;2;3;2.80;;;;;;;;;;;;;;;
2440000;Girona;Gazzaniga;Portero;5;4;3;1;1.25;;;;;;;;;;;;;;;
2450000;Betis;Natan;Defensa;18;6;3;3;3.00;;;;;;;;;;;;;;;
2460000;Getafe;Diego Rico;Defensa;18;5;1;4;3.60;;;;;;;;;;;;;;;
2470000;Celta;Marcos Alonso;Defensa;11;3;2;1;3.67;;;;;;;;;;;;;;;
2490000;Girona;Livakovic;Portero;0;0;0;0;0.00;;;;;;;;;;;;;;;
2500000;Real Sociedad;Aramburu;Defensa;18;5;2;3;3.60;;;;;;;;;;;;;;;
2520000;Mallorca;Valjent;Defensa;18;5;3;2;3.60;;;;;;;;;;;;;;;
2520000;Rayo Vallecano;Pedro Díaz;Centrocampista;13;5;2;3;2.60;;;;;;;;;;;;;;;
2520000;Valencia;Pepelu;Centrocampista;8;3;2;1;2.67;;;;;;;;;;;;;;;
2560000;Celta;Jutglà;Delantero;11;5;3;2;2.20;;;;;;;;;;;;;;;
2580000;Real Sociedad;Guedes;Delantero;7;5;2;3;1.40;;;;;;;;;;;;;;;
2590000;Levante;Morales;Delantero;21;5;2;3;4.20;;;;;;;;;;;;;;;
2600000;Athletic;Yuri;Defensa;18;5;3;2;3.60;;;;;;;;;;;;;;;
2600000;Sevilla;Alfon González;Delantero;14;3;1;2;4.67;;;;;;;;;;;;;;;
2610000;Barcelona;Gerard Martín;Defensa;19;3;2;1;6.33;;;;;;;;;;;;;;;
2640000;Alavés;Jonny Castro;Defensa;20;5;3;2;4.00;;;;;;;;;;;;;;;
2650000;Levante;Ryan;Portero;15;3;1;2;5.00;;;;;;;;;;;;;;;
2690000;Girona;Tsygankov;Delantero;10;2;1;1;5.00;;;;;;;;;;;;;;;
2710000;Villarreal;Parejo;Centrocampista;13;4;2;2;3.25;;;;;;;;;;;;;;;
2720000;Sevilla;Kike Salas;Defensa;17;3;1;2;5.67;;;;;;;;;;;;;;;
2790000;Villarreal;Gerard Moreno;Delantero;6;1;1;0;6.00;;;;;;;;;;;;;;;
2800000;Atlético;Raspadori;Centrocampista;5;4;1;3;1.25;;;;;;;;;;;;;;;
2840000;Valencia;Diakhaby;Defensa;28;4;2;2;7.00;;;;;;;;;;;;;;;
2850000;Elche;Dituro;Portero;18;4;2;2;4.50;;;;;;;;;;;;;;;
2850000;Real Sociedad;Sergio Gómez;Centrocampista;17;5;2;3;3.40;;;;;;;;;;;;;;;
2850000;Barcelona;Gavi;Centrocampista;14;2;0;2;7.00;;;;;;;;;;;;;;;
2890000;Rayo Vallecano;Chavarría;Defensa;23;5;2;3;4.60;;;;;;;;;;;;;;;
2900000;Elche;André Silva;Delantero;24;4;2;2;6.00;;;;;;;;;;;;;;;
2970000;Barcelona;Ronald Araújo;Defensa;11;3;1;2;3.67;;;;;;;;;;;;;;;
2980000;Getafe;Djené;Defensa;20;5;1;4;4.00;;;;;;;;;;;;;;;
2980000;Real Madrid;Rodrygo;Delantero;8;3;2;1;2.67;;;;;;;;;;;;;;;
2990000;Osasuna;Torró;Centrocampista;22;5;2;3;4.40;;;;;;;;;;;;;;;
2990000;Girona;Bryan Gil;Delantero;4;2;1;1;2.00;;;;;;;;;;;;;;;
3020000;Elche;Bigas;Defensa;28;5;3;2;5.60;;;;;;;;;;;;;;;
3020000;Levante;Carlos Álvarez;Delantero;25;5;2;3;5.00;;;;;;;;;;;;;;;
3040000;Atlético;Le Normand;Defensa;17;5;2;3;3.40;;;;;;;;;;;;;;;
3050000;Osasuna;Catena;Defensa;24;5;2;3;4.80;;;;;;;;;;;;;;;
3050000;Girona;Ounahi;Centrocampista;10;2;1;1;5.00;;;;;;;;;;;;;;;
3060000;Real Oviedo;Dendoncker;Centrocampista;24;4;2;2;6.00;;;;;;;;;;;;;;;
3060000;Real Madrid;Camavinga;Centrocampista;0;1;1;0;0.00;;;;;;;;;;;;;;;
3080000;Atlético;Hancko;Defensa;15;5;2;3;3.00;;;;;;;;;;;;;;;
3090000;Villarreal;Thomas;Centrocampista;10;5;3;2;2.00;;;;;;;;;;;;;;;
3120000;Celta;Ionut Radu;Portero;26;6;4;2;4.33;;;;;;;;;;;;;;;
3120000;Athletic;De Galarreta;Centrocampista;19;4;3;1;4.75;;;;;;;;;;;;;;;
3130000;Athletic;Areso;Defensa;18;5;3;2;3.60;;;;;;;;;;;;;;;
3150000;Osasuna;Víctor Muñoz;Delantero;20;5;2;3;4.00;;;;;;;;;;;;;;;
3160000;Valencia;Rioja;Delantero;19;5;3;2;3.80;;;;;;;;;;;;;;;
3170000;Mallorca;Raíllo;Defensa;11;5;3;2;2.20;;;;;;;;;;;;;;;
3220000;Valencia;Tárrega;Defensa;21;5;3;2;4.20;;;;;;;;;;;;;;;
3240000;Espanyol;Roberto Fernández;Delantero;22;5;3;2;4.40;;;;;;;;;;;;;;;
3270000;Athletic;Paredes;Defensa;29;5;3;2;5.80;;;;;;;;;;;;;;;
3280000;Espanyol;El Hilali;Defensa;20;5;3;2;4.00;;;;;;;;;;;;;;;
3400000;Osasuna;Moncayola;Centrocampista;28;5;2;3;5.60;;;;;;;;;;;;;;;
3420000;Rayo Vallecano;Ratiu;Defensa;16;5;2;3;3.20;;;;;;;;;;;;;;;
3450000;Getafe;Mayoral;Delantero;13;3;1;2;4.33;;;;;;;;;;;;;;;
3470000;Elche;Affengruber;Defensa;24;5;3;2;4.80;;;;;;;;;;;;;;;
3470000;Mallorca;Leo Román;Portero;22;5;3;2;4.40;;;;;;;;;;;;;;;
3490000;Celta;Ilaix Moriba;Centrocampista;24;6;4;2;4.00;;;;;;;;;;;;;;;
3510000;Sevilla;Isaac Romero;Delantero;26;5;2;3;5.20;;;;;;;;;;;;;;;
3540000;Valencia;Hugo Duro;Delantero;23;5;3;2;4.60;;;;;;;;;;;;;;;
3570000;Villarreal;Rafa Marín;Defensa;26;4;3;1;6.50;;;;;;;;;;;;;;;
3570000;Alavés;Antonio Blanco;Centrocampista;25;5;3;2;5.00;;;;;;;;;;;;;;;
3570000;Atlético;Thiago Almada;Centrocampista;11;3;1;2;3.67;;;;;;;;;;;;;;;
3570000;Betis;Amrabat;Centrocampista;9;2;1;1;4.50;;;;;;;;;;;;;;;
3580000;Valencia;Agirrezabala;Portero;16;5;3;2;3.20;;;;;;;;;;;;;;;
3580000;Betis;Ez Abde;Delantero;15;2;1;1;7.50;;;;;;;;;;;;;;;
3600000;Villarreal;Solomon;Delantero;6;1;1;0;6.00;;;;;;;;;;;;;;;
3610000;Celta;Javier Rueda;Defensa;34;5;3;2;6.80;;;;;;;;;;;;;;;
3620000;Villarreal;Moleiro;Centrocampista;11;5;3;2;2.20;;;;;;;;;;;;;;;
3640000;Sevilla;Alexis Sánchez;Delantero;15;2;1;1;7.50;;;;;;;;;;;;;;;
3660000;Mallorca;Pablo Torre;Centrocampista;20;5;3;2;4.00;;;;;;;;;;;;;;;
3680000;Real Madrid;Trent;Defensa;11;4;2;2;2.75;;;;;;;;;;;;;;;
3720000;Villarreal;Luiz Júnior;Portero;20;5;3;2;4.00;;;;;;;;;;;;;;;
3720000;Betis;Roro Riquelme;Centrocampista;16;6;3;3;2.67;;;;;;;;;;;;;;;
3730000;Atlético;Johnny;Centrocampista;9;3;1;2;3.00;;;;;;;;;;;;;;;
3740000;Celta;Mingueza;Defensa;17;5;4;1;3.40;;;;;;;;;;;;;;;
3750000;Real Oviedo;Hassan;Delantero;27;5;2;3;5.40;;;;;;;;;;;;;;;
3780000;Osasuna;Aimar Oroz;Centrocampista;17;4;2;2;4.25;;;;;;;;;;;;;;;
3800000;Espanyol;Cabrera;Defensa;24;5;3;2;4.80;;;;;;;;;;;;;;;
3800000;Valencia;Danjuma;Delantero;20;5;3;2;4.00;;;;;;;;;;;;;;;
3800000;Valencia;Raba;Delantero;13;4;3;1;3.25;;;;;;;;;;;;;;;
3810000;Real Sociedad;Brais Méndez;Centrocampista;22;4;1;3;5.50;;;;;;;;;;;;;;;
3830000;Osasuna;Rosier;Defensa;20;5;2;3;4.00;;;;;;;;;;;;;;;
3860000;Barcelona;Eric García;Defensa;29;5;2;3;5.80;;;;;;;;;;;;;;;
3880000;Espanyol;Carlos Romero;Defensa;36;5;3;2;7.20;;;;;;;;;;;;;;;
3910000;Espanyol;Pere Milla;Delantero;29;4;3;1;7.25;;;;;;;;;;;;;;;
3930000;Sevilla;Rubén Vargas;Delantero;27;4;2;2;6.75;;;;;;;;;;;;;;;
3940000;Alavés;Carlos Vicente;Delantero;28;5;3;2;5.60;;;;;;;;;;;;;;;
3970000;Celta;Borja Iglesias;Delantero;35;6;4;2;5.83;;;;;;;;;;;;;;;
3980000;Athletic;Jauregizar;Centrocampista;22;5;3;2;4.40;;;;;;;;;;;;;;;
3990000;Valencia;Diego López;Delantero;20;5;3;2;4.00;;;;;;;;;;;;;;;
4040000;Real Sociedad;Barrenetxea;Centrocampista;27;5;2;3;5.40;;;;;;;;;;;;;;;
4080000;Sevilla;Agoumé;Centrocampista;30;5;2;3;6.00;;;;;;;;;;;;;;;
4080000;Getafe;David Soria;Portero;18;5;1;4;3.60;;;;;;;;;;;;;;;
4140000;Valencia;Javi Guerra;Centrocampista;20;5;3;2;4.00;;;;;;;;;;;;;;;
4150000;Getafe;Adrián Liso;Delantero;32;5;1;4;6.40;;;;;;;;;;;;;;;
4150000;Alavés;Tenaglia;Defensa;30;5;3;2;6.00;;;;;;;;;;;;;;;
4190000;Betis;Bartra;Defensa;31;5;3;2;6.20;;;;;;;;;;;;;;;
4190000;Espanyol;Dmitrovic;Portero;27;5;3;2;5.40;;;;;;;;;;;;;;;
4190000;Real Sociedad;Remiro;Portero;22;5;2;3;4.40;;;;;;;;;;;;;;;
4200000;Celta;Bryan Zaragoza;Delantero;17;6;4;2;2.83;;;;;;;;;;;;;;;
4210000;Rayo Vallecano;Batalla;Portero;25;5;2;3;5.00;;;;;;;;;;;;;;;
4210000;Atlético;Oblak;Portero;14;5;2;3;2.80;;;;;;;;;;;;;;;
4280000;Alavés;Sivera;Portero;26;5;3;2;5.20;;;;;;;;;;;;;;;
4280000;Villarreal;Santiago Mouriño;Defensa;20;4;2;2;5.00;;;;;;;;;;;;;;;
4300000;Barcelona;Fermín;Centrocampista;25;4;2;2;6.25;;;;;;;;;;;;;;;
4340000;Rayo Vallecano;Lejeune;Defensa;24;5;2;3;4.80;;;;;;;;;;;;;;;
4340000;Barcelona;Balde;Defensa;14;3;0;3;4.67;;;;;;;;;;;;;;;
4370000;Getafe;Arambarri;Centrocampista;18;5;1;4;3.60;;;;;;;;;;;;;;;
4370000;Athletic;Vivian;Defensa;15;5;3;2;3.00;;;;;;;;;;;;;;;
4410000;Elche;Germán Valera;Delantero;27;4;3;1;6.75;;;;;;;;;;;;;;;
4440000;Betis;Sergi Altimira;Centrocampista;26;5;2;3;5.20;;;;;;;;;;;;;;;
4450000;Levante;Iván Romero;Delantero;45;5;2;3;9.00;;;;;;;;;;;;;;;
4540000;Villarreal;Foyth;Defensa;24;5;3;2;4.80;;;;;;;;;;;;;;;
4560000;Villarreal;Comesaña;Centrocampista;22;5;3;2;4.40;;;;;;;;;;;;;;;
4560000;Villarreal;Sergi Cardona;Defensa;19;4;2;2;4.75;;;;;;;;;;;;;;;
4560000;Athletic;Unai Simón;Portero;18;5;3;2;3.60;;;;;;;;;;;;;;;
4570000;Athletic;Berenguer;Delantero;21;5;3;2;4.20;;;;;;;;;;;;;;;
4570000;Real Sociedad;Soler;Centrocampista;7;2;1;1;3.50;;;;;;;;;;;;;;;
4620000;Atlético;Griezmann;Delantero;14;5;2;3;2.80;;;;;;;;;;;;;;;
4690000;Atlético;Barrios;Centrocampista;30;5;2;3;6.00;;;;;;;;;;;;;;;
4710000;Espanyol;Expósito;Centrocampista;25;4;2;2;6.25;;;;;;;;;;;;;;;
4720000;Mallorca;Darder;Centrocampista;22;5;3;2;4.40;;;;;;;;;;;;;;;
4720000;Atlético;Marcos Llorente;Centrocampista;19;5;2;3;3.80;;;;;;;;;;;;;;;
4770000;Athletic;Laporte;Defensa;2;1;0;1;2.00;;;;;;;;;;;;;;;
4860000;Real Madrid;Carvajal;Defensa;24;5;3;2;4.80;;;;;;;;;;;;;;;
4870000;Celta;Sotelo;Centrocampista;37;6;4;2;6.17;;;;;;;;;;;;;;;
4950000;Girona;Vanat;Delantero;12;2;1;1;6.00;;;;;;;;;;;;;;;
5020000;Atlético;Sørloth;Delantero;5;5;2;3;1.00;;;;;;;;;;;;;;;
5050000;Osasuna;Sergio Herrera;Portero;32;5;2;3;6.40;;;;;;;;;;;;;;;
5080000;Rayo Vallecano;De Frutos;Delantero;36;5;2;3;7.20;;;;;;;;;;;;;;;
5170000;Atlético;Giuliano Simeone;Centrocampista;25;5;2;3;5.00;;;;;;;;;;;;;;;
5220000;Rayo Vallecano;Pathé Ciss;Centrocampista;32;5;2;3;6.40;;;;;;;;;;;;;;;
5340000;Betis;Cucho;Delantero;29;6;3;3;4.83;;;;;;;;;;;;;;;
5410000;Real Oviedo;Escandell;Portero;32;5;2;3;6.40;;;;;;;;;;;;;;;
5410000;Rayo Vallecano;Álvaro García;Delantero;28;5;2;3;5.60;;;;;;;;;;;;;;;
5540000;Elche;Rafa Mir;Delantero;35;5;3;2;7.00;;;;;;;;;;;;;;;
5540000;Athletic;Iñaki Williams;Delantero;8;5;3;2;1.60;;;;;;;;;;;;;;;
5620000;Osasuna;Boyomo;Defensa;34;5;2;3;6.80;;;;;;;;;;;;;;;
5650000;Real Madrid;Mastantuono;Delantero;13;4;3;1;3.25;;;;;;;;;;;;;;;
5710000;Espanyol;Puado;Delantero;21;5;3;2;4.20;;;;;;;;;;;;;;;
5730000;Barcelona;Cubarsí;Defensa;13;3;1;2;4.33;;;;;;;;;;;;;;;
5770000;Rayo Vallecano;Isi Palazón;Delantero;24;5;2;3;4.80;;;;;;;;;;;;;;;
5800000;Celta;Iago Aspas;Delantero;21;5;4;1;4.20;;;;;;;;;;;;;;;
5810000;Betis;Fornals;Centrocampista;42;6;3;3;7.00;;;;;;;;;;;;;;;
6110000;Villarreal;Buchanan;Centrocampista;39;5;3;2;7.80;;;;;;;;;;;;;;;
6160000;Real Madrid;Militão;Defensa;37;4;3;1;9.25;;;;;;;;;;;;;;;
6220000;Barcelona;Koundé;Defensa;22;5;2;3;4.40;;;;;;;;;;;;;;;
6330000;Real Madrid;Courtois;Portero;22;5;3;2;4.40;;;;;;;;;;;;;;;
6440000;Barcelona;Rashford;Delantero;18;5;2;3;3.60;;;;;;;;;;;;;;;
6500000;Betis;Isco;Centrocampista;0;0;0;0;0.00;;;;;;;;;;;;;;;
6530000;Barcelona;Dani Olmo;Centrocampista;28;5;2;3;5.60;;;;;;;;;;;;;;;
6700000;Real Sociedad;Oyarzabal;Delantero;26;5;2;3;5.20;;;;;;;;;;;;;;;
6880000;Atlético;Nico González;Delantero;16;2;1;1;8.00;;;;;;;;;;;;;;;
7040000;Mallorca;Muriqi;Delantero;31;4;2;2;7.75;;;;;;;;;;;;;;;
7060000;Barcelona;De Jong;Centrocampista;17;3;1;2;5.67;;;;;;;;;;;;;;;
7100000;Real Madrid;Álvaro Carreras;Defensa;31;5;3;2;6.20;;;;;;;;;;;;;;;
7430000;Levante;Etta Eyong;Delantero;44;5;3;2;8.80;;;;;;;;;;;;;;;
7460000;Getafe;Luis Milla;Centrocampista;37;5;1;4;7.40;;;;;;;;;;;;;;;
7670000;Real Madrid;Tchouameni;Centrocampista;29;5;3;2;5.80;;;;;;;;;;;;;;;
7930000;Atlético;Baena;Centrocampista;3;1;0;1;3.00;;;;;;;;;;;;;;;
8230000;Villarreal;Ayoze;Delantero;2;1;0;1;2.00;;;;;;;;;;;;;;;
8400000;Barcelona;Ferran Torres;Delantero;44;5;2;3;8.80;;;;;;;;;;;;;;;
8420000;Athletic;Sancet;Centrocampista;16;4;2;2;4.00;;;;;;;;;;;;;;;
8530000;Villarreal;Pape Gueye;Centrocampista;43;5;3;2;8.60;;;;;;;;;;;;;;;
8560000;Villarreal;Mikautadze;Delantero;11;2;1;1;5.50;;;;;;;;;;;;;;;
8740000;Real Sociedad;Kubo;Centrocampista;27;5;2;3;5.40;;;;;;;;;;;;;;;
9120000;Osasuna;Budimir;Delantero;26;5;2;3;5.20;;;;;;;;;;;;;;;
9580000;Barcelona;Joan García;Portero;43;5;2;3;8.60;;;;;;;;;;;;;;;
9910000;Athletic;Nico Williams;Delantero;26;3;2;1;8.67;;;;;;;;;;;;;;;
9980000;Real Madrid;Huijsen;Defensa;21;4;2;2;5.25;;;;;;;;;;;;;;;
10080000;Betis;Lo Celso;Centrocampista;37;6;3;3;6.17;;;;;;;;;;;;;;;
11250000;Villarreal;Pépé;Delantero;45;5;3;2;9.00;;;;;;;;;;;;;;;
11470000;Real Madrid;Bellingham;Centrocampista;0;1;1;0;0.00;;;;;;;;;;;;;;;
11850000;Barcelona;Lewandowski;Delantero;21;4;2;2;5.25;;;;;;;;;;;;;;;
11990000;Real Madrid;Valverde;Centrocampista;24;5;3;2;4.80;;;;;;;;;;;;;;;
12360000;Atlético;Julián Alvarez;Delantero;14;5;2;3;2.80;;;;;;;;;;;;;;;
13430000;Betis;Antony;Delantero;8;2;1;1;4.00;;;;;;;;;;;;;;;
13970000;Real Madrid;Arda Güler;Centrocampista;43;5;3;2;8.60;;;;;;;;;;;;;;;
15400000;Real Madrid;Vinícius Jr;Delantero;37;5;3;2;7.40;;;;;;;;;;;;;;;
17000000;Barcelona;Raphinha;Delantero;39;5;2;3;7.80;;;;;;;;;;;;;;;
17470000;Barcelona;Pedri;Centrocampista;49;5;2;3;9.80;;;;;;;;;;;;;;;
20110000;Barcelona;Yamal;Delantero;30;3;0;3;10.00;;;;;;;;;;;;;;;
23990000;Real Madrid;Mbappé;Delantero;64;5;3;2;12.80;;;;;;;;;;;;;;;
