Equipo;Jugador;Posición;Puntos;Precio;PJ;Casa;Fuera;Media;;Equipo;Jugador;Posición;Puntos;Precio;;;
Racing;Andrés Martín;Delantero;21;13.940.000;2;1;1;10.50;;Racing;Andrés Martín;Delantero;21;13.940.000;;Valor total 11x10 jugadores más caros;527.830.000
Deportivo;Yeremay Hernández;Delantero;5;13.570.000;2;1;1;2.50;;Deportivo;Yeremay Hernández;Delantero;5;13.570.000;;Valor medio;4.798.455
Racing;Iñigo Vicente;Delantero;17;11.050.000;2;1;1;8.50;;Racing;Iñigo Vicente;Delantero;17;11.050.000;;;
Sporting;Jonathan Dubasin;Delantero;17;10.100.000;2;1;1;8.50;;Sporting;Jonathan Dubasin;Delantero;17;10.100.000;;;
Cádiz;Ontiveros;Centrocampista;10;9.800.000;2;1;1;5.00;;Cádiz;Ontiveros;Centrocampista;10;9.800.000;;;
Sporting;César Gelabert;Centrocampista;23;8.990.000;2;1;1;11.50;;Sporting;César Gelabert;Centrocampista;23;8.990.000;;;
Almería;Sergio Arribas;Centrocampista;14;8.410.000;2;1;1;7.00;;Almería;Sergio Arribas;Centrocampista;14;8.410.000;;;
Deportivo;Mario Soriano;Centrocampista;17;7.980.000;2;1;1;8.50;;Deportivo;Mario Soriano;Centrocampista;17;7.980.000;;;
Almería;Patrick Soko;Delantero;5;7.280.000;2;1;1;2.50;;Almería;Patrick Soko;Delantero;5;7.280.000;;;
Málaga;David Larrubia;Centrocampista;11;6.980.000;2;2;0;5.50;;Málaga;David Larrubia;Centrocampista;11;6.980.000;;;
Las Palmas;Manuel Fuster;Centrocampista;11;6.710.000;2;1;1;5.50;;Las Palmas;Manuel Fuster;Centrocampista;11;6.710.000;;;
Córdoba;Jacobo González;Centrocampista;11;6.660.000;2;1;1;5.50;;Córdoba;Jacobo González;Centrocampista;11;6.660.000;;;
Racing;Villalibre;Delantero;30;6.580.000;2;1;1;15.00;;Racing;Villalibre;Delantero;30;6.580.000;;;
Cádiz;Suso;Delantero;9;6.490.000;2;1;1;4.50;;Cádiz;Suso;Delantero;9;6.490.000;;;
Las Palmas;Jonathan Viera;Centrocampista;3;6.480.000;1;0;1;3.00;;Las Palmas;Jonathan Viera;Centrocampista;3;6.480.000;;;
Córdoba;Carracedo;Delantero;5;6.450.000;2;1;1;2.50;;Córdoba;Carracedo;Delantero;5;6.450.000;;;
CD Castellon;Álex Calatrava;Delantero;7;6.440.000;2;1;1;3.50;;CD Castellon;Álex Calatrava;Delantero;7;6.440.000;;;
Deportivo;José Gragera;Centrocampista;10;6.430.000;2;1;1;5.00;;Deportivo;José Gragera;Centrocampista;10;6.430.000;;;
CD Castellon;Israel Suero;Centrocampista;11;6.370.000;2;1;1;5.50;;CD Castellon;Israel Suero;Centrocampista;11;6.370.000;;;
Leganés;De La Fuente;Delantero;13;6.200.000;2;1;1;6.50;;Leganés;De La Fuente;Delantero;13;6.200.000;;;
Albacete;Jon Morcillo;Delantero;21;6.110.000;2;1;1;10.50;;Albacete;Jon Morcillo;Delantero;21;6.110.000;;;
Burgos CF;Curro;Delantero;17;6.090.000;2;1;1;8.50;;Burgos CF;Curro;Delantero;17;6.090.000;;;
Almería;Léo Baptistão;Delantero;18;5.960.000;2;1;1;9.00;;Almería;Léo Baptistão;Delantero;18;5.960.000;;;
Sporting;Juan Otero;Delantero;14;5.890.000;2;1;1;7.00;;Sporting;Juan Otero;Delantero;14;5.890.000;;;
Málaga;Adrián Niño;Delantero;10;5.880.000;2;2;0;5.00;;Málaga;Adrián Niño;Delantero;10;5.880.000;;;
Almería;Embarba;Delantero;14;5.820.000;2;1;1;7.00;;Almería;Embarba;Delantero;14;5.820.000;;;
Huesca;Óscar Sielva;Centrocampista;12;5.740.000;2;1;1;6.00;;Huesca;Óscar Sielva;Centrocampista;12;5.740.000;;;
Racing;Jokin Ezkieta;Portero;10;5.670.000;2;1;1;5.00;;Racing;Jokin Ezkieta;Portero;10;5.670.000;;;
Deportivo;Luismi Cruz;Delantero;7;5.580.000;2;1;1;3.50;;Deportivo;Luismi Cruz;Delantero;7;5.580.000;;;
Burgos CF;Fer Niño;Delantero;16;5.470.000;2;1;1;8.00;;Burgos CF;Fer Niño;Delantero;16;5.470.000;;;
Real Valladolid;Juanmi Latasa;Delantero;17;5.460.000;2;1;1;8.50;;Real Valladolid;Juanmi Latasa;Delantero;17;5.460.000;;;
Málaga;Alfonso Herrero;Portero;10;5.330.000;2;2;0;5.00;;Málaga;Alfonso Herrero;Portero;10;5.330.000;;;
Las Palmas;Milos Lukovic;Delantero;14;5.230.000;1;0;1;14.00;;Las Palmas;Milos Lukovic;Delantero;14;5.230.000;;;
Sporting;Àlex Corredera;Centrocampista;8;5.210.000;2;1;1;4.00;;Sporting;Àlex Corredera;Centrocampista;8;5.210.000;;;
Real Valladolid;Amath;Delantero;19;5.200.000;2;1;1;9.50;;Real Valladolid;Amath;Delantero;19;5.200.000;;;
Almería;Nico Melamed;Centrocampista;6;5.090.000;2;1;1;3.00;;Almería;Nico Melamed;Centrocampista;6;5.090.000;;;
Sporting;Rúben Yáñez;Portero;14;4.980.000;2;1;1;7.00;;Sporting;Rúben Yáñez;Portero;14;4.980.000;;;
Real Valladolid;Pablo Tomeo;Defensa;17;4.910.000;2;1;1;8.50;;Real Valladolid;Pablo Tomeo;Defensa;17;4.910.000;;;
Huesca;Iker Kortajarena;Centrocampista;13;4.860.000;2;1;1;6.50;;Huesca;Iker Kortajarena;Centrocampista;13;4.860.000;;;
Racing;Javier Castro;Defensa;10;4.810.000;2;1;1;5.00;;Racing;Javier Castro;Defensa;10;4.810.000;;;
Albacete;Agus Medina;Centrocampista;29;4.770.000;2;1;1;14.50;;Albacete;Agus Medina;Centrocampista;29;4.770.000;;;
Almería;Dion Lopy;Centrocampista;12;4.660.000;2;1;1;6.00;;Almería;Dion Lopy;Centrocampista;12;4.660.000;;;
Real Valladolid;Chuki;Centrocampista;21;4.650.000;2;1;1;10.50;;Real Valladolid;Chuki;Centrocampista;21;4.650.000;;;
Deportivo;Loureiro;Defensa;10;4.620.000;2;1;1;5.00;;Deportivo;Loureiro;Defensa;10;4.620.000;;;
Deportivo;David Mella;Delantero;7;4.590.000;2;1;1;3.50;;Deportivo;David Mella;Delantero;7;4.590.000;;;
Albacete;Antonio Puertas;Centrocampista;17;4.560.000;2;1;1;8.50;;Albacete;Antonio Puertas;Centrocampista;17;4.560.000;;;
Eibar;José Corpas;Defensa;12;4.460.000;2;1;1;6.00;;Eibar;José Corpas;Defensa;12;4.460.000;;;
Mirandes;Igor Nikic;Portero;5;4.390.000;1;1;0;5.00;;Mirandes;Igor Nikic;Portero;5;4.390.000;;;
Sporting;Guille Rosas;Defensa;9;4.370.000;2;1;1;4.50;;Sporting;Guille Rosas;Defensa;9;4.370.000;;;
Deportivo;Eddahchouri;Delantero;14;4.220.000;2;1;1;7.00;;Deportivo;Eddahchouri;Delantero;14;4.220.000;;;
Real Valladolid;Stipe Biuk;Delantero;18;4.210.000;2;1;1;9.00;;Real Valladolid;Stipe Biuk;Delantero;18;4.210.000;;;
Leganés;Diego Garcia;Delantero;8;4.210.000;2;1;1;4.00;;Leganés;Diego Garcia;Delantero;8;4.210.000;;;
Las Palmas;Sandro Ramírez;Delantero;0;4.210.000;0;0;0;0.00;;Las Palmas;Sandro Ramírez;Delantero;0;4.210.000;;;
Deportivo;Mulattieri;Delantero;0;4.200.000;0;0;0;0.00;;Deportivo;Mulattieri;Delantero;0;4.200.000;;;
Huesca;Jorge Pulido;Defensa;11;4.170.000;2;1;1;5.50;;Huesca;Jorge Pulido;Defensa;11;4.170.000;;;
Real Valladolid;Iván Alejo;Centrocampista;14;4.030.000;2;1;1;7.00;;Real Valladolid;Iván Alejo;Centrocampista;14;4.030.000;;;
Las Palmas;Mika Mármol;Defensa;9;4.000.000;2;1;1;4.50;;Las Palmas;Mika Mármol;Defensa;9;4.000.000;;;
Real Valladolid;Stanko Juric;Centrocampista;12;3.950.000;2;1;1;6.00;;Real Valladolid;Stanko Juric;Centrocampista;12;3.950.000;;;
Granada;Stoichkov;Delantero;3;3.940.000;2;1;1;1.50;;Granada;Stoichkov;Delantero;3;3.940.000;;;
Zaragoza;Paulino;Centrocampista;8;3.930.000;1;0;1;8.00;;Zaragoza;Paulino;Centrocampista;8;3.930.000;;;
Las Palmas;Enzo Loiodice;Centrocampista;5;3.920.000;2;1;1;2.50;;Las Palmas;Enzo Loiodice;Centrocampista;5;3.920.000;;;
Zaragoza;Francho Serrano;Centrocampista;7;3.890.000;2;1;1;3.50;;Zaragoza;Francho Serrano;Centrocampista;7;3.890.000;;;
Córdoba;Carlos Marín;Portero;9;3.770.000;2;1;1;4.50;;Córdoba;Carlos Marín;Portero;9;3.770.000;;;
Racing;Aritz Aldasoro;Centrocampista;6;3.770.000;2;1;1;3.00;;Racing;Aritz Aldasoro;Centrocampista;6;3.770.000;;;
Deportivo;Daniel Bachmann;Portero;0;3.750.000;0;0;0;0.00;;Deportivo;Daniel Bachmann;Portero;0;3.750.000;;;
Córdoba;Sergi Guardiola;Delantero;7;3.690.000;2;1;1;3.50;;Córdoba;Sergi Guardiola;Delantero;7;3.690.000;;;
Eibar;Javier Martón;Delantero;22;3.680.000;2;1;1;11.00;;Eibar;Javier Martón;Delantero;22;3.680.000;;;
Leganés;Seydouba Cisse;Centrocampista;8;3.590.000;2;1;1;4.00;;Leganés;Seydouba Cisse;Centrocampista;8;3.590.000;;;
Zaragoza;Mario Soberón;Delantero;6;3.590.000;2;1;1;3.00;;Zaragoza;Mario Soberón;Delantero;6;3.590.000;;;
Leganés;Juan Soriano;Portero;10;3.570.000;2;1;1;5.00;;Leganés;Juan Soriano;Portero;10;3.570.000;;;
Eibar;Jon Bautista;Delantero;0;3.500.000;0;0;0;0.00;;Eibar;Jon Bautista;Delantero;0;3.500.000;;;
Sporting;Lucas Perrin;Defensa;13;3.490.000;2;1;1;6.50;;Sporting;Lucas Perrin;Defensa;13;3.490.000;;;
Albacete;Jesús Vallejo;Defensa;2;3.480.000;1;0;1;2.00;;Albacete;Jesús Vallejo;Defensa;2;3.480.000;;;
Granada;Hongla;Centrocampista;13;3.440.000;2;1;1;6.50;;Granada;Hongla;Centrocampista;13;3.440.000;;;
Eibar;Jonmi Magunagoitia;Portero;10;3.420.000;2;1;1;5.00;;Eibar;Jonmi Magunagoitia;Portero;10;3.420.000;;;
Las Palmas;Kirian Rodríguez;Centrocampista;0;3.420.000;0;0;0;0.00;;Las Palmas;Kirian Rodríguez;Centrocampista;0;3.420.000;;;
Córdoba;Isma Ruiz;Centrocampista;11;3.400.000;2;1;1;5.50;;Córdoba;Isma Ruiz;Centrocampista;11;3.400.000;;;
Cádiz;Youssouf Diarra;Centrocampista;5;3.400.000;2;1;1;2.50;;Cádiz;Youssouf Diarra;Centrocampista;5;3.400.000;;;
Deportivo;Diego Villares;Centrocampista;10;3.380.000;2;1;1;5.00;;Deportivo;Diego Villares;Centrocampista;10;3.380.000;;;
Leganés;Juan Cruz;Delantero;0;3.380.000;0;0;0;0.00;;Leganés;Juan Cruz;Delantero;0;3.380.000;;;
Eibar;Aleix Garrido;Centrocampista;17;3.370.000;2;1;1;8.50;;Eibar;Aleix Garrido;Centrocampista;17;3.370.000;;;
Cádiz;Iza Carcelen;Defensa;11;3.360.000;2;1;1;5.50;;Cádiz;Iza Carcelen;Defensa;11;3.360.000;;;
Burgos CF;Ander Cantero;Portero;10;3.360.000;2;1;1;5.00;;Burgos CF;Ander Cantero;Portero;10;3.360.000;;;
Burgos CF;Aitor Córdoba;Defensa;10;3.350.000;2;1;1;5.00;;Burgos CF;Aitor Córdoba;Defensa;10;3.350.000;;;
Almería;André Horta;Centrocampista;3;3.350.000;1;1;0;3.00;;Almería;André Horta;Centrocampista;3;3.350.000;;;
Burgos CF;Anderson Arroyo;Defensa;10;3.320.000;2;1;1;5.00;;Burgos CF;Anderson Arroyo;Defensa;10;3.320.000;;;
Burgos CF;Miguel Atienza;Centrocampista;12;3.300.000;2;1;1;6.00;;Burgos CF;Miguel Atienza;Centrocampista;12;3.300.000;;;
Sporting;Pablo Vázquez;Defensa;13;3.290.000;2;1;1;6.50;;Sporting;Pablo Vázquez;Defensa;13;3.290.000;;;
Leganés;Jorge Sáenz;Defensa;7;3.280.000;2;1;1;3.50;;Leganés;Jorge Sáenz;Defensa;7;3.280.000;;;
Leganés;Melero;Centrocampista;4;3.270.000;2;1;1;2.00;;Leganés;Melero;Centrocampista;4;3.270.000;;;
Eibar;Anaitz Arbilla;Defensa;22;3.250.000;2;1;1;11.00;;Eibar;Anaitz Arbilla;Defensa;22;3.250.000;;;
Zaragoza;Guti;Centrocampista;7;3.220.000;2;1;1;3.50;;Zaragoza;Guti;Centrocampista;7;3.220.000;;;
Racing;Manu Hernando;Defensa;14;3.210.000;2;1;1;7.00;;Racing;Manu Hernando;Defensa;14;3.210.000;;;
Almería;Andrés Fernández;Portero;10;3.170.000;2;1;1;5.00;;Almería;Andrés Fernández;Portero;10;3.170.000;;;
CD Castellon;Awer Mabil;Delantero;6;3.170.000;2;1;1;3.00;;CD Castellon;Awer Mabil;Delantero;6;3.170.000;;;
Cultural Leonesa;Édgar Badía;Portero;4;3.160.000;2;1;1;2.00;;Cultural Leonesa;Édgar Badía;Portero;4;3.160.000;;;
CD Castellon;Jérémy Mellot;Defensa;8;3.130.000;2;1;1;4.00;;CD Castellon;Jérémy Mellot;Defensa;8;3.130.000;;;
Albacete;Riki Rodríguez;Centrocampista;8;3.110.000;1;1;0;8.00;;Albacete;Riki Rodríguez;Centrocampista;8;3.110.000;;;
Huesca;Dani Jiménez;Portero;13;3.100.000;2;1;1;6.50;;Huesca;Dani Jiménez;Portero;13;3.100.000;;;
Real Valladolid;Guille Bueno;Defensa;13;3.090.000;2;1;1;6.50;;Real Valladolid;Guille Bueno;Defensa;13;3.090.000;;;
Las Palmas;Amatucci;Centrocampista;10;3.080.000;2;1;1;5.00;;Las Palmas;Amatucci;Centrocampista;10;3.080.000;;;
Córdoba;Ignasi Vilarrasa;Centrocampista;6;3.080.000;2;1;1;3.00;;Córdoba;Ignasi Vilarrasa;Centrocampista;6;3.080.000;;;
Cádiz;Moussa Diakité;Centrocampista;9;3.050.000;2;1;1;4.50;;Cádiz;Moussa Diakité;Centrocampista;9;3.050.000;;;
Leganés;Rubén Peña;Defensa;9;3.030.000;2;1;1;4.50;;Leganés;Rubén Peña;Defensa;9;3.030.000;;;
Las Palmas;Jeremía Recoba;Delantero;9;3.030.000;2;1;1;4.50;;Las Palmas;Jeremía Recoba;Delantero;9;3.030.000;;;
Cádiz;Mario Climent;Defensa;5;3.010.000;2;1;1;2.50;;Cádiz;Mario Climent;Defensa;5;3.010.000;;;
Zaragoza;Sebas Moyano;Centrocampista;5;2.990.000;2;1;1;2.50;;Zaragoza;Sebas Moyano;Centrocampista;5;2.990.000;;;
Cádiz;Bojan Kovacevic;Defensa;9;2.980.000;2;1;1;4.50;;Cádiz;Bojan Kovacevic;Defensa;9;2.980.000;;;
Mirandes;Álex Suárez;Centrocampista;3;2.960.000;1;1;0;3.00;;Mirandes;Álex Suárez;Centrocampista;3;2.960.000;;;
Real Valladolid;Julien Ponceau;Centrocampista;0;2.960.000;0;0;0;0.00;;Real Valladolid;Julien Ponceau;Centrocampista;0;2.960.000;;;
Sporting;Gaspar Campos;Delantero;7;2.930.000;2;1;1;3.50;;Sporting;Gaspar Campos;Delantero;7;2.930.000;;;
Málaga;Chupete;Delantero;4;2.930.000;2;2;0;2.00;;;;;;;;;
Racing;Arana;Delantero;0;2.930.000;0;0;0;0.00;;;;;;;;;
Leganés;Roberto López;Centrocampista;3;2.910.000;1;0;1;3.00;;;;;;;;;
CD Castellon;Alberto Jiménez;Defensa;-5;2.890.000;1;0;1;-5.00;;;;;;;;;
CD Castellon;Ousmane Camara;Delantero;11;2.880.000;2;1;1;5.50;;;;;;;;;
Cádiz;García Pascual;Delantero;11;2.880.000;2;1;1;5.50;;;;;;;;;
Ceuta;Anuar;Centrocampista;7;2.840.000;2;1;1;3.50;;;;;;;;;
Real Valladolid;David Torres;Defensa;13;2.820.000;2;1;1;6.50;;;;;;;;;
Racing;Plamen Andreev;Portero;0;2.820.000;0;0;0;0.00;;;;;;;;;
Sporting;Ignacio Martín;Centrocampista;8;2.810.000;2;1;1;4.00;;;;;;;;;
Cultural Leonesa;Paraschiv;Delantero;5;2.810.000;2;1;1;2.50;;;;;;;;;
Burgos CF;Gregorio Sierra;Defensa;12;2.800.000;2;1;1;6.00;;;;;;;;;
Almería;Arnau Puigmal;Centrocampista;7;2.780.000;2;1;1;3.50;;;;;;;;;
Almería;Federico Bonini;Defensa;6;2.760.000;1;0;1;6.00;;;;;;;;;
Zaragoza;Aketxe;Delantero;4;2.760.000;1;0;1;4.00;;;;;;;;;
Racing;Sangalli;Centrocampista;5;2.750.000;2;1;1;2.50;;;;;;;;;
Las Palmas;Dinko Horkas;Portero;8;2.740.000;2;1;1;4.00;;;;;;;;;
Granada;Sergio Ruiz;Centrocampista;9;2.730.000;2;1;1;4.50;;;;;;;;;
Racing;Yeray Cabanzón;Centrocampista;9;2.730.000;2;1;1;4.50;;;;;;;;;
Las Palmas;Ale García;Delantero;22;2.700.000;2;1;1;11.00;;;;;;;;;
Real Valladolid;Víctor Meseguer;Centrocampista;9;2.700.000;2;1;1;4.50;;;;;;;;;
FC Andorra;Lautaro de León;Delantero;14;2.690.000;2;0;2;7.00;;;;;;;;;
Leganés;Duk;Delantero;13;2.690.000;2;1;1;6.50;;;;;;;;;
Albacete;Diego Mariño;Portero;8;2.690.000;2;1;1;4.00;;;;;;;;;
Leganés;Amadou Diawara;Centrocampista;6;2.690.000;2;1;1;3.00;;;;;;;;;
Mirandes;Juan Gutiérrez;Defensa;7;2.680.000;2;1;1;3.50;;;;;;;;;
Leganés;Óscar Plano;Centrocampista;3;2.670.000;2;1;1;1.50;;;;;;;;;
Burgos CF;Florian Miguel;Defensa;11;2.660.000;2;1;1;5.50;;;;;;;;;
Granada;Manu Trigueros;Centrocampista;5;2.660.000;2;1;1;2.50;;;;;;;;;
Málaga;Carlos Dotor;Centrocampista;5;2.650.000;2;2;0;2.50;;;;;;;;;
Cádiz;Sergio Ortuño;Centrocampista;1;2.640.000;1;0;1;1.00;;;;;;;;;
Málaga;Francisco Montero;Defensa;8;2.630.000;2;2;0;4.00;;;;;;;;;
Granada;José Arnaiz;Delantero;1;2.620.000;1;0;1;1.00;;;;;;;;;
Almería;Álex Muñoz;Defensa;6;2.600.000;2;1;1;3.00;;;;;;;;;
Eibar;Lander Olaetxea;Centrocampista;0;2.590.000;0;0;0;0.00;;;;;;;;;
Deportivo;Sergio Escudero;Defensa;16;2.570.000;2;1;1;8.00;;;;;;;;;
Granada;Luca Zidane;Portero;3;2.570.000;2;1;1;1.50;;;;;;;;;
Eibar;Peru Nolaskoain;Centrocampista;7;2.550.000;2;1;1;3.50;;;;;;;;;
Almería;Daijiro Chirino;Defensa;1;2.550.000;1;1;0;1.00;;;;;;;;;
Deportivo;Ximo Navarro;Defensa;7;2.520.000;2;1;1;3.50;;;;;;;;;
CD Castellon;Gerenabarrena;Centrocampista;9;2.510.000;2;1;1;4.50;;;;;;;;;
Las Palmas;Viti;Centrocampista;0;2.490.000;0;0;0;0.00;;;;;;;;;
Sporting;Diego Sánchez;Defensa;9;2.480.000;2;1;1;4.50;;;;;;;;;
Burgos CF;Iván Morante;Centrocampista;12;2.460.000;2;1;1;6.00;;;;;;;;;
Cádiz;Álex Fernández;Centrocampista;2;2.420.000;1;1;0;2.00;;;;;;;;;
Racing;Peio Canales;Centrocampista;6;2.390.000;2;1;1;3.00;;;;;;;;;
Real Sociedad B;Aitor Fraga;Portero;13;2.360.000;2;1;1;6.50;;;;;;;;;
Málaga;Joaquín Muñoz;Delantero;8;2.350.000;2;2;0;4.00;;;;;;;;;
Zaragoza;Dani Tasende;Defensa;3;2.350.000;2;1;1;1.50;;;;;;;;;
Las Palmas;Jesé;Delantero;0;2.350.000;0;0;0;0.00;;;;;;;;;
Eibar;Sergio Cubero;Defensa;9;2.340.000;2;1;1;4.50;;;;;;;;;
Mirandes;Gonzalo Petit;Delantero;1;2.310.000;2;1;1;0.50;;;;;;;;;
Almería;Álex Centelles;Defensa;1;2.290.000;2;1;1;0.50;;;;;;;;;
Málaga;Izan Merino;Centrocampista;7;2.270.000;2;2;0;3.50;;;;;;;;;
Eibar;Jon Guruzeta;Delantero;10;2.260.000;2;1;1;5.00;;;;;;;;;
Zaragoza;Valery Fernández;Delantero;1;2.240.000;1;1;0;1.00;;;;;;;;;
Eibar;Sergio Álvarez;Centrocampista;8;2.230.000;2;1;1;4.00;;;;;;;;;
Burgos CF;Iñigo Córdoba;Delantero;8;2.230.000;2;1;1;4.00;;;;;;;;;
Burgos CF;David González;Centrocampista;12;2.200.000;2;1;1;6.00;;;;;;;;;
Racing;Michelin;Defensa;3;2.190.000;1;1;0;3.00;;;;;;;;;
Real Valladolid;Guilherme Fernandes;Portero;12;2.180.000;2;1;1;6.00;;;;;;;;;
Eibar;Leonardo Buta;Defensa;9;2.130.000;2;1;1;4.50;;;;;;;;;
Córdoba;Rubén González;Defensa;5;2.130.000;1;0;1;5.00;;;;;;;;;
Sporting;Mamadou Loum;Centrocampista;0;2.130.000;0;0;0;0.00;;;;;;;;;
Almería;Chumi;Defensa;3;2.120.000;2;1;1;1.50;;;;;;;;;
Burgos CF;Ivan Chapela;Delantero;11;2.110.000;2;1;1;5.50;;;;;;;;;
Leganés;Enric Franquesa;Defensa;0;2.100.000;0;0;0;0.00;;;;;;;;;
Huesca;Sergi Enrich;Delantero;13;2.080.000;2;1;1;6.50;;;;;;;;;
Albacete;Fran Gámez;Defensa;12;2.070.000;2;1;1;6.00;;;;;;;;;
Córdoba;Pedro Ortiz;Centrocampista;1;2.070.000;1;0;1;1.00;;;;;;;;;
Las Palmas;Alex Suárez;Defensa;2;2.050.000;1;0;1;2.00;;;;;;;;;
Las Palmas;Sergio Barcia;Defensa;4;2.040.000;2;1;1;2.00;;;;;;;;;
Granada;Pablo Sáenz;Delantero;3;2.040.000;2;1;1;1.50;;;;;;;;;
Deportivo;Dani Barcia;Defensa;11;2.030.000;2;1;1;5.50;;;;;;;;;
Málaga;Álex Pastor;Defensa;16;2.020.000;2;2;0;8.00;;;;;;;;;
Córdoba;Théo Zidane;Centrocampista;1;2.020.000;1;1;0;1.00;;;;;;;;;
Málaga;Luismi;Centrocampista;3;2.000.000;1;1;0;3.00;;;;;;;;;
Deportivo;Quagliata;Defensa;2;2.000.000;1;1;0;2.00;;;;;;;;;
Las Palmas;Cristian Gutiérrez;Defensa;4;1.990.000;2;1;1;2.00;;;;;;;;;
Cádiz;Roger;Delantero;3;1.980.000;1;1;0;3.00;;;;;;;;;
Mirandes;Thiago Helguera;Centrocampista;3;1.980.000;1;1;0;3.00;;;;;;;;;
Cultural Leonesa;Thiago Ojeda;Centrocampista;8;1.970.000;2;1;1;4.00;;;;;;;;;
Mirandes;Adrián Pica;Defensa;6;1.970.000;2;1;1;3.00;;;;;;;;;
Granada;Jorge Pascual;Delantero;3;1.960.000;1;0;1;3.00;;;;;;;;;
Deportivo;Lucas Noubi;Defensa;0;1.960.000;0;0;0;0.00;;;;;;;;;
Racing;Mario García;Defensa;2;1.930.000;1;0;1;2.00;;;;;;;;;
Cádiz;Brian Ocampo;Delantero;12;1.900.000;2;1;1;6.00;;;;;;;;;
Racing;Jorge Salinas;Defensa;10;1.900.000;2;1;1;5.00;;;;;;;;;
Almería;Lucas Robertone;Centrocampista;0;1.870.000;0;0;0;0.00;;;;;;;;;
Zaragoza;Pomares;Defensa;-1;1.870.000;2;1;1;-0.50;;;;;;;;;
Real Valladolid;Selim Amallah;Centrocampista;0;1.860.000;0;0;0;0.00;;;;;;;;;
Leganés;Marvel;Defensa;7;1.830.000;2;1;1;3.50;;;;;;;;;
Las Palmas;Marvin Park;Delantero;6;1.830.000;2;1;1;3.00;;;;;;;;;
Racing;Maguette Gueye;Centrocampista;0;1.830.000;0;0;0;0.00;;;;;;;;;
Mirandes;Carlos Fernández;Delantero;4;1.820.000;1;1;0;4.00;;;;;;;;;
Burgos CF;Víctor Mollejo;Delantero;0;1.820.000;0;0;0;0.00;;;;;;;;;
Las Palmas;Juanma Herzog;Defensa;0;1.810.000;0;0;0;0.00;;;;;;;;;
FC Andorra;Imanol García;Defensa;10;1.800.000;2;0;2;5.00;;;;;;;;;
Córdoba;Kevin Villodres;Delantero;4;1.790.000;2;1;1;2.00;;;;;;;;;
FC Andorra;Sergio Molina;Centrocampista;10;1.780.000;2;0;2;5.00;;;;;;;;;
Real Valladolid;Javi Sánchez;Defensa;0;1.780.000;0;0;0;0.00;;;;;;;;;
Eibar;Jon Magunacelaya;Centrocampista;10;1.770.000;2;1;1;5.00;;;;;;;;;
Albacete;Jonathan Gómez;Defensa;3;1.770.000;2;1;1;1.50;;;;;;;;;
Córdoba;Albarrán;Defensa;1;1.770.000;2;1;1;0.50;;;;;;;;;
Real Valladolid;Marcos de Sousa;Delantero;2;1.730.000;1;1;0;2.00;;;;;;;;;
Zaragoza;Tachi;Defensa;0;1.730.000;0;0;0;0.00;;;;;;;;;
CD Castellon;Brignani;Defensa;2;1.710.000;1;0;1;2.00;;;;;;;;;
Granada;Loic Williams;Defensa;0;1.710.000;2;1;1;0.00;;;;;;;;;
Zaragoza;Samed Bazdar;Delantero;14;1.700.000;2;1;1;7.00;;;;;;;;;
Leganés;Gonzalo Aguilar;Defensa;8;1.690.000;2;1;1;4.00;;;;;;;;;
Ceuta;Yann Bodiger;Centrocampista;5;1.690.000;2;1;1;2.50;;;;;;;;;
Málaga;Carlos Puga;Defensa;9;1.670.000;2;2;0;4.50;;;;;;;;;
FC Andorra;Gael Alonso;Defensa;18;1.650.000;2;0;2;9.00;;;;;;;;;
Real Sociedad B;Luken Beitia;Defensa;12;1.640.000;2;1;1;6.00;;;;;;;;;
Málaga;Julen Lobete;Delantero;3;1.640.000;2;2;0;1.50;;;;;;;;;
CD Castellon;Romain Matthys;Portero;0;1.620.000;0;0;0;0.00;;;;;;;;;
Deportivo;Charlie Patiño;Centrocampista;10;1.610.000;2;1;1;5.00;;;;;;;;;
Almería;Nélson Monte;Defensa;0;1.590.000;0;0;0;0.00;;;;;;;;;
Deportivo;Arnau Comas;Defensa;6;1.580.000;2;1;1;3.00;;;;;;;;;
Eibar;Marco Moreno;Defensa;9;1.570.000;2;1;1;4.50;;;;;;;;;
FC Andorra;Jesús Owono;Portero;0;1.560.000;0;0;0;0.00;;;;;;;;;
Real Sociedad B;Job Ochieng;Delantero;13;1.540.000;2;1;1;6.50;;;;;;;;;
CD Castellon;Amir Abedzadeh;Portero;11;1.530.000;2;1;1;5.50;;;;;;;;;
Cádiz;Alcaraz;Centrocampista;0;1.530.000;0;0;0;0.00;;;;;;;;;
Real Sociedad B;Gorka Gorosabel;Centrocampista;10;1.520.000;2;1;1;5.00;;;;;;;;;
Cádiz;Iker Recio;Defensa;10;1.510.000;2;1;1;5.00;;;;;;;;;
Ceuta;Juanto Ortuño;Delantero;4;1.510.000;2;1;1;2.00;;;;;;;;;
Burgos CF;Mario González;Delantero;0;1.510.000;0;0;0;0.00;;;;;;;;;
Huesca;Sergio Arribas;Defensa;10;1.500.000;2;1;1;5.00;;;;;;;;;
Eibar;Álvaro Rodríguez;Defensa;18;1.480.000;2;1;1;9.00;;;;;;;;;
Córdoba;Carlos Isaac;Defensa;6;1.470.000;2;1;1;3.00;;;;;;;;;
Leganés;Pauwels;Delantero;3;1.470.000;1;1;0;3.00;;;;;;;;;
Real Sociedad B;Peru Rodríguez;Defensa;10;1.450.000;2;1;1;5.00;;;;;;;;;
Zaragoza;Pau Sans;Delantero;4;1.450.000;2;1;1;2.00;;;;;;;;;
Córdoba;Dalisson;Delantero;0;1.450.000;0;0;0;0.00;;;;;;;;;
FC Andorra;Villahermosa;Centrocampista;10;1.440.000;2;0;2;5.00;;;;;;;;;
Mirandes;Ismael Barea;Centrocampista;9;1.440.000;2;1;1;4.50;;;;;;;;;
Huesca;Julio Alonso;Defensa;9;1.440.000;2;1;1;4.50;;;;;;;;;
Zaragoza;Dani Gómez;Delantero;6;1.440.000;2;1;1;3.00;;;;;;;;;
Leganés;Álex Millán;Delantero;2;1.420.000;2;1;1;1.00;;;;;;;;;
Cultural Leonesa;Luis Chacón;Delantero;4;1.410.000;2;1;1;2.00;;;;;;;;;
FC Andorra;Áron Yaakobishvili;Portero;12;1.400.000;2;0;2;6.00;;;;;;;;;
Almería;Fernando Martinez;Portero;0;1.390.000;0;0;0;0.00;;;;;;;;;
Cádiz;David Gil;Portero;0;1.380.000;0;0;0;0.00;;;;;;;;;
Ceuta;Matos;Defensa;5;1.370.000;1;1;0;5.00;;;;;;;;;
Deportivo;José Ángel Jurado;Centrocampista;0;1.370.000;0;0;0;0.00;;;;;;;;;
Córdoba;Franck Fomeyem;Defensa;6;1.360.000;2;1;1;3.00;;;;;;;;;
Huesca;Samuel Ntamack;Delantero;5;1.360.000;2;1;1;2.50;;;;;;;;;
Granada;Manu Lama;Defensa;-4;1.350.000;1;1;0;-4.00;;;;;;;;;
Albacete;Raúl Lizoain;Portero;0;1.340.000;0;0;0;0.00;;;;;;;;;
Real Sociedad B;Alberto Dadie;Delantero;12;1.330.000;2;1;1;6.00;;;;;;;;;
Huesca;Piña;Defensa;10;1.330.000;2;1;1;5.00;;;;;;;;;
Málaga;Dani Sánchez;Defensa;4;1.330.000;1;1;0;4.00;;;;;;;;;
Albacete;Jefté Betancor;Delantero;4;1.330.000;2;1;1;2.00;;;;;;;;;
Racing;Álvaro Mantilla;Defensa;1;1.290.000;2;1;1;0.50;;;;;;;;;
Las Palmas;José Antonio Caro;Portero;0;1.290.000;0;0;0;0.00;;;;;;;;;
Las Palmas;Iván Gil;Centrocampista;4;1.280.000;1;1;0;4.00;;;;;;;;;
Eibar;Adu Ares;Delantero;4;1.280.000;1;1;0;4.00;;;;;;;;;
FC Andorra;Marc Doménech;Centrocampista;11;1.270.000;2;0;2;5.50;;;;;;;;;
Deportivo;Germán Parreño;Portero;8;1.270.000;2;1;1;4.00;;;;;;;;;
Burgos CF;Kévin Appin;Centrocampista;6;1.270.000;2;1;1;3.00;;;;;;;;;
Eibar;Aritz Arambarri;Defensa;5;1.270.000;2;1;1;2.50;;;;;;;;;
FC Andorra;Thomas Carrique;Defensa;6;1.260.000;2;0;2;3.00;;;;;;;;;
Ceuta;Carlos Hernández;Defensa;11;1.240.000;2;1;1;5.50;;;;;;;;;
Mirandes;Marino Illescas;Centrocampista;10;1.240.000;2;1;1;5.00;;;;;;;;;
Almería;Marcos Luna;Defensa;4;1.230.000;2;1;1;2.00;;;;;;;;;
Granada;Baïla Diallo;Defensa;3;1.230.000;1;1;0;3.00;;;;;;;;;
Zaragoza;Iván Calero;Defensa;5;1.220.000;2;1;1;2.50;;;;;;;;;
Albacete;Dani Escriche;Delantero;12;1.210.000;2;1;1;6.00;;;;;;;;;
Las Palmas;Mata;Delantero;0;1.210.000;0;0;0;0.00;;;;;;;;;
Burgos CF;Mateo Mejía;Delantero;10;1.200.000;2;1;1;5.00;;;;;;;;;
Eibar;Javi Martínez;Centrocampista;7;1.200.000;2;1;1;3.50;;;;;;;;;
Almería;Luís Maximiano;Portero;0;1.190.000;0;0;0;0.00;;;;;;;;;
Huesca;Liberto;Centrocampista;9;1.180.000;2;1;1;4.50;;;;;;;;;
FC Andorra;Manuel Nieto;Delantero;7;1.180.000;2;0;2;3.50;;;;;;;;;
Córdoba;Alberto del Moral;Centrocampista;2;1.180.000;1;1;0;2.00;;;;;;;;;
Huesca;Daniel Ojeda;Delantero;8;1.170.000;1;1;0;8.00;;;;;;;;;
Zaragoza;Toni Moya;Centrocampista;2;1.170.000;1;1;0;2.00;;;;;;;;;
Real Valladolid;Nikitscher;Centrocampista;3;1.150.000;1;1;0;3.00;;;;;;;;;
Leganés;Ignasi Miquel;Defensa;2;1.150.000;1;0;1;2.00;;;;;;;;;
Sporting;Pablo García;Defensa;2;1.150.000;1;1;0;2.00;;;;;;;;;
Real Sociedad B;Mariezkurrena;Delantero;2;1.150.000;2;1;1;1.00;;;;;;;;;
FC Andorra;Min-su;Delantero;10;1.140.000;2;0;2;5.00;;;;;;;;;
Albacete;Javi Villar;Centrocampista;9;1.140.000;2;1;1;4.50;;;;;;;;;
Córdoba;Iker Álvarez;Portero;0;1.140.000;0;0;0;0.00;;;;;;;;;
Almería;Lázaro;Delantero;2;1.120.000;2;1;1;1.00;;;;;;;;;
Almería;Ibrahima Koné;Delantero;0;1.120.000;0;0;0;0.00;;;;;;;;;
Cádiz;Víctor Aznar;Portero;9;1.110.000;2;1;1;4.50;;;;;;;;;
Ceuta;Cristian Rodríguez;Centrocampista;5;1.110.000;2;1;1;2.50;;;;;;;;;
Albacete;Higinio;Delantero;0;1.110.000;0;0;0;0.00;;;;;;;;;
FC Andorra;Jastin Garcia;Delantero;10;1.100.000;2;0;2;5.00;;;;;;;;;
Cultural Leonesa;Juan Larios;Defensa;6;1.100.000;2;1;1;3.00;;;;;;;;;
Huesca;Daniel Luna;Centrocampista;0;1.100.000;0;0;0;0.00;;;;;;;;;
Córdoba;Xavi Sintes;Defensa;0;1.090.000;0;0;0;0.00;;;;;;;;;
Sporting;Eric Curbelo;Defensa;5;1.070.000;2;1;1;2.50;;;;;;;;;
Real Sociedad B;Iñaki Rupérez;Defensa;0;1.070.000;0;0;0;0.00;;;;;;;;;
Sporting;Justin Smith;Centrocampista;3;1.060.000;1;0;1;3.00;;;;;;;;;
Huesca;Toni Abad;Centrocampista;7;1.050.000;2;1;1;3.50;;;;;;;;;
Real Sociedad B;Alex Lebarbier;Centrocampista;5;1.050.000;2;1;1;2.50;;;;;;;;;
CD Castellon;Diego Barri;Defensa;5;1.040.000;2;1;1;2.50;;;;;;;;;
Burgos CF;Sergio Gonzalez;Defensa;0;1.040.000;0;0;0;0.00;;;;;;;;;
Zaragoza;Pablo Insua;Defensa;-1;1.030.000;1;1;0;-1.00;;;;;;;;;
Las Palmas;Enrique Clemente;Defensa;19;1.020.000;2;1;1;9.50;;;;;;;;;
Zaragoza;Adrián Rodríguez;Portero;8;1.020.000;2;1;1;4.00;;;;;;;;;
Albacete;Antonio Pacheco;Centrocampista;2;1.020.000;1;0;1;2.00;;;;;;;;;
Zaragoza;Radovanovic;Defensa;0;1.020.000;2;1;1;0.00;;;;;;;;;
Leganés;Naim García;Delantero;10;1.010.000;2;1;1;5.00;;;;;;;;;
Cultural Leonesa;Manu Justo;Delantero;5;1.010.000;2;1;1;2.50;;;;;;;;;
Mirandes;Aarón Martin;Centrocampista;2;1.010.000;2;1;1;1.00;;;;;;;;;
Cultural Leonesa;Rafael Tresaco;Delantero;7;980.000;2;1;1;3.50;;;;;;;;;
Racing;Íñigo Sainz-Maza;Centrocampista;4;970.000;2;1;1;2.00;;;;;;;;;
Córdoba;Dani Requena;Centrocampista;3;940.000;1;1;0;3.00;;;;;;;;;
Málaga;Jauregi;Delantero;0;940.000;0;0;0;0.00;;;;;;;;;
CD Castellon;Salva Ruiz;Defensa;6;920.000;2;1;1;3.00;;;;;;;;;
CD Castellon;Brian Cipenga;Delantero;5;920.000;1;0;1;5.00;;;;;;;;;
CD Castellon;Kenneth Mamah;Delantero;2;920.000;1;1;0;2.00;;;;;;;;;
FC Andorra;Marc Bombardó;Defensa;7;900.000;2;0;2;3.50;;;;;;;;;
Ceuta;Redruello;Defensa;-1;900.000;1;0;1;-1.00;;;;;;;;;
Cultural Leonesa;Bicho;Centrocampista;5;890.000;2;1;1;2.50;;;;;;;;;
Mirandes;Toni Tamarit;Delantero;8;880.000;2;1;1;4.00;;;;;;;;;
CD Castellon;Agustín Sienra;Defensa;2;880.000;2;1;1;1.00;;;;;;;;;
Málaga;Víctor García;Defensa;9;860.000;2;2;0;4.50;;;;;;;;;
CD Castellon;Marc-Olivier Doué;Centrocampista;3;860.000;1;1;0;3.00;;;;;;;;;
Zaragoza;Juan Sebastián;Defensa;4;850.000;2;1;1;2.00;;;;;;;;;
Eibar;Jair;Defensa;0;840.000;0;0;0;0.00;;;;;;;;;
Córdoba;Obolskiy;Delantero;3;820.000;2;1;1;1.50;;;;;;;;;
Albacete;Victor Valverde;Delantero;5;810.000;2;1;1;2.50;;;;;;;;;
Mirandes;Martín Pascual;Defensa;3;800.000;1;1;0;3.00;;;;;;;;;
CD Castellon;Pablo Santiago;Delantero;3;800.000;1;1;0;3.00;;;;;;;;;
Cádiz;Rubén Sobrino;Delantero;0;800.000;0;0;0;0.00;;;;;;;;;
Real Sociedad B;Mikel Rodriguez;Centrocampista;5;780.000;2;1;1;2.50;;;;;;;;;
Albacete;Jon García;Defensa;3;780.000;2;1;1;1.50;;;;;;;;;
Ceuta;Andy Escudero;Centrocampista;3;780.000;1;0;1;3.00;;;;;;;;;
Zaragoza;Keidi Bare;Centrocampista;0;780.000;0;0;0;0.00;;;;;;;;;
Mirandes;Palomares;Portero;1;770.000;1;0;1;1.00;;;;;;;;;
Cultural Leonesa;Yayo;Centrocampista;0;770.000;0;0;0;0.00;;;;;;;;;
Málaga;Einar Galilea;Defensa;0;770.000;0;0;0;0.00;;;;;;;;;
Ceuta;Pedro López;Portero;7;750.000;1;1;0;7.00;;;;;;;;;
Córdoba;Juan María Alcedo;Defensa;2;750.000;1;0;1;2.00;;;;;;;;;
FC Andorra;Yaakobishvili;Defensa;0;740.000;0;0;0;0.00;;;;;;;;;
Real Sociedad B;Tomy Carbonell;Centrocampista;7;730.000;2;1;1;3.50;;;;;;;;;
Málaga;Rafa Rodríguez;Centrocampista;13;710.000;2;2;0;6.50;;;;;;;;;
Las Palmas;Marc Cardona;Delantero;5;710.000;2;1;1;2.50;;;;;;;;;
Real Valladolid;Jaouab;Defensa;0;710.000;0;0;0;0.00;;;;;;;;;
Real Sociedad B;Jon Balda;Defensa;0;710.000;0;0;0;0.00;;;;;;;;;
Mirandes;Sergio Postigo;Defensa;0;700.000;0;0;0;0.00;;;;;;;;;
Ceuta;Guillermo Vallejo;Portero;4;690.000;1;0;1;4.00;;;;;;;;;
Huesca;Jesús Álvarez;Centrocampista;9;680.000;2;1;1;4.50;;;;;;;;;
Ceuta;Kuki Zalazar;Delantero;5;680.000;2;1;1;2.50;;;;;;;;;
Eibar;Hodei Arrillaga;Defensa;3;680.000;1;0;1;3.00;;;;;;;;;
FC Andorra;Álex Petxa;Defensa;2;680.000;1;0;1;2.00;;;;;;;;;
CD Castellon;Michal Willmann;Defensa;0;680.000;0;0;0;0.00;;;;;;;;;
Ceuta;Almenara;Defensa;6;670.000;2;1;1;3.00;;;;;;;;;
Málaga;Dani Lorenzo;Centrocampista;5;670.000;2;2;0;2.50;;;;;;;;;
Albacete;Alejandro Meléndez;Centrocampista;4;660.000;2;1;1;2.00;;;;;;;;;
Las Palmas;Pejiño;Delantero;2;660.000;1;1;0;2.00;;;;;;;;;
FC Andorra;Théo Le Normand;Centrocampista;4;650.000;2;0;2;2.00;;;;;;;;;
Granada;Weissman;Delantero;2;650.000;1;1;0;2.00;;;;;;;;;
Ceuta;Youness Lachhab;Centrocampista;7;640.000;2;1;1;3.50;;;;;;;;;
Burgos CF;Álex Lizancos;Defensa;7;630.000;2;1;1;3.50;;;;;;;;;
Cádiz;De la Rosa;Delantero;4;630.000;2;1;1;2.00;;;;;;;;;
Cultural Leonesa;Víctor García;Defensa;5;620.000;2;1;1;2.50;;;;;;;;;
Cultural Leonesa;Diego Collado;Delantero;9;610.000;2;1;1;4.50;;;;;;;;;
Cádiz;Escalante;Centrocampista;0;610.000;0;0;0;0.00;;;;;;;;;
Mirandes;Fernando Medrano;Defensa;7;600.000;2;1;1;3.50;;;;;;;;;
Cultural Leonesa;Matia Barzic;Defensa;5;600.000;1;1;0;5.00;;;;;;;;;
Mirandes;Iker Varela;Delantero;2;590.000;2;1;1;1.00;;;;;;;;;
Huesca;Álvaro Carrillo;Defensa;6;570.000;2;1;1;3.00;;;;;;;;;
Las Palmas;Edward Cedeño;Centrocampista;6;570.000;2;1;1;3.00;;;;;;;;;
Cultural Leonesa;Quique Fornos;Defensa;1;560.000;2;1;1;0.50;;;;;;;;;
Leganés;Figueredo;Defensa;0;560.000;0;0;0;0.00;;;;;;;;;
Albacete;Pepe Sanchez;Defensa;0;560.000;0;0;0;0.00;;;;;;;;;
Cultural Leonesa;Selu Diallo;Centrocampista;-7;560.000;1;0;1;-7.00;;;;;;;;;
CD Castellon;Tincho Conde;Defensa;2;550.000;1;0;1;2.00;;;;;;;;;
Sporting;Jordy Caicedo;Delantero;1;550.000;1;1;0;1.00;;;;;;;;;
Cultural Leonesa;Eneko Satrústegui;Defensa;-1;550.000;1;0;1;-1.00;;;;;;;;;
CD Castellon;Nick Markanich;Delantero;4;540.000;2;1;1;2.00;;;;;;;;;
Eibar;Xeber Alkain;Delantero;3;540.000;1;0;1;3.00;;;;;;;;;
Ceuta;Manu Vallejo;Delantero;2;540.000;2;1;1;1.00;;;;;;;;;
Cádiz;Luis Hernández;Defensa;0;540.000;0;0;0;0.00;;;;;;;;;
Córdoba;Álex Martín;Defensa;6;530.000;2;1;1;3.00;;;;;;;;;
Cádiz;Fali;Defensa;0;530.000;0;0;0;0.00;;;;;;;;;
Deportivo;Mohamed Bouldini;Delantero;5;520.000;2;1;1;2.50;;;;;;;;;
Real Sociedad B;Astiazaran;Centrocampista;4;520.000;2;1;1;2.00;;;;;;;;;
Granada;Pedro Alemañ;Centrocampista;1;520.000;1;0;1;1.00;;;;;;;;;
Ceuta;Rubén Díez;Centrocampista;0;520.000;0;0;0;0.00;;;;;;;;;
Ceuta;Yago Cantero;Defensa;-2;520.000;1;0;1;-2.00;;;;;;;;;
Málaga;Aarón Ochoa;Centrocampista;3;510.000;1;1;0;3.00;;;;;;;;;
Sporting;Dani Queipo;Delantero;1;510.000;1;1;0;1.00;;;;;;;;;
CD Castellon;Óscar Gil;Defensa;1;500.000;1;1;0;1.00;;;;;;;;;
Córdoba;Diego Bri;Delantero;0;500.000;0;0;0;0.00;;;;;;;;;
Córdoba;Adrián Fuentes;Delantero;9;490.000;1;1;0;9.00;;;;;;;;;
Granada;Souleymane Faye;Delantero;4;490.000;1;0;1;4.00;;;;;;;;;
Almería;Selvi Clua;Centrocampista;5;480.000;2;1;1;2.50;;;;;;;;;
Ceuta;Kialy Kone;Delantero;1;480.000;1;0;1;1.00;;;;;;;;;
Málaga;Jokin Gabilondo;Defensa;0;480.000;0;0;0;0.00;;;;;;;;;
Mirandes;Pablo Pérez;Defensa;0;480.000;0;0;0;0.00;;;;;;;;;
Granada;Sergio Rodelas;Delantero;2;460.000;1;1;0;2.00;;;;;;;;;
Leganés;Carlos Guirao;Centrocampista;2;460.000;1;1;0;2.00;;;;;;;;;
Córdoba;Adilson;Delantero;0;460.000;0;0;0;0.00;;;;;;;;;
Cultural Leonesa;Rodri Suárez;Defensa;9;450.000;2;1;1;4.50;;;;;;;;;
Eibar;Toni Villa;Centrocampista;0;440.000;0;0;0;0.00;;;;;;;;;
Real Valladolid;Trilli;Defensa;6;420.000;2;1;1;3.00;;;;;;;;;
Mirandes;Salim El Jebari;Delantero;0;420.000;0;0;0;0.00;;;;;;;;;
CD Castellon;Ronaldo;Centrocampista;0;420.000;0;0;0;0.00;;;;;;;;;
CD Castellon;Lucas Alcázar;Defensa;0;410.000;0;0;0;0.00;;;;;;;;;
Albacete;José Lazo;Delantero;5;400.000;2;1;1;2.50;;;;;;;;;
Ceuta;Diego González;Defensa;2;400.000;1;1;0;2.00;;;;;;;;;
Sporting;Kevin Vázquez;Defensa;2;400.000;1;1;0;2.00;;;;;;;;;
Zaragoza;Sebastian Kosa;Defensa;0;400.000;0;0;0;0.00;;;;;;;;;
Málaga;Diego Murillo;Defensa;2;390.000;1;1;0;2.00;;;;;;;;;
Deportivo;Denis Genreau;Centrocampista;0;390.000;0;0;0;0.00;;;;;;;;;
FC Andorra;Nico Ratti;Portero;0;390.000;0;0;0;0.00;;;;;;;;;
Eibar;Ander Madariaga;Centrocampista;0;390.000;0;0;0;0.00;;;;;;;;;
CD Castellon;Aurélio;Delantero;0;390.000;0;0;0;0.00;;;;;;;;;
Burgos CF;Marcelo Expósito;Centrocampista;0;390.000;0;0;0;0.00;;;;;;;;;
Ceuta;Manu Sánchez;Defensa;0;380.000;0;0;0;0.00;;;;;;;;;
Cultural Leonesa;Pastoriza;Delantero;5;370.000;2;1;1;2.50;;;;;;;;;
Sporting;Joel Sanchez;Portero;0;370.000;0;0;0;0.00;;;;;;;;;
FC Andorra;Álex Calvo;Delantero;0;370.000;0;0;0;0.00;;;;;;;;;
Huesca;Ángel Pérez;Defensa;0;370.000;0;0;0;0.00;;;;;;;;;
CD Castellon;Serpeta;Delantero;6;360.000;2;1;1;3.00;;;;;;;;;
Racing;Jeremy Arévalo;Delantero;5;360.000;2;1;1;2.50;;;;;;;;;
Ceuta;Bassinga;Centrocampista;5;360.000;2;1;1;2.50;;;;;;;;;
Sporting;Amadou Coundoul;Delantero;3;360.000;1;0;1;3.00;;;;;;;;;
FC Andorra;Diego Alende;Defensa;0;360.000;0;0;0;0.00;;;;;;;;;
Racing;Suleiman Camara;Delantero;0;360.000;0;0;0;0.00;;;;;;;;;
Real Sociedad B;Sydney Osazuwa;Delantero;0;360.000;0;0;0;0.00;;;;;;;;;
Real Valladolid;Adrián Arnu;Delantero;0;360.000;0;0;0;0.00;;;;;;;;;
CD Castellon;Flakus Bosilj;Delantero;0;360.000;0;0;0;0.00;;;;;;;;;
Granada;Diego Hormigo;Defensa;-1;360.000;1;0;1;-1.00;;;;;;;;;
Real Sociedad B;Ekain Orobengoa;Delantero;6;350.000;2;1;1;3.00;;;;;;;;;
Deportivo;Cristian Herrera;Delantero;2;350.000;1;0;1;2.00;;;;;;;;;
FC Andorra;Olabarrieta;Delantero;6;340.000;2;0;2;3.00;;;;;;;;;
Burgos CF;Ander Martín;Delantero;0;340.000;0;0;0;0.00;;;;;;;;;
Deportivo;Rubén López;Centrocampista;0;340.000;0;0;0;0.00;;;;;;;;;
Ceuta;Aisar Ahmed;Centrocampista;2;330.000;1;1;0;2.00;;;;;;;;;
Almería;Baba;Centrocampista;0;330.000;0;0;0;0.00;;;;;;;;;
Huesca;Javier Mier;Centrocampista;0;330.000;0;0;0;0.00;;;;;;;;;
FC Andorra;Josep Cerdà;Delantero;0;330.000;0;0;0;0.00;;;;;;;;;
Real Sociedad B;Unax Agote;Defensa;6;320.000;2;1;1;3.00;;;;;;;;;
Real Valladolid;Xavi Moreno;Delantero;5;320.000;2;1;1;2.50;;;;;;;;;
Huesca;Enol Rodríguez;Delantero;3;320.000;1;0;1;3.00;;;;;;;;;
Huesca;Juan Pérez;Portero;0;320.000;0;0;0;0.00;;;;;;;;;
Cultural Leonesa;Sergi Maestre;Centrocampista;0;320.000;0;0;0;0.00;;;;;;;;;
Zaragoza;Sinan Bakis;Delantero;0;320.000;0;0;0;0.00;;;;;;;;;
Sporting;Jesús Bernal;Centrocampista;0;320.000;0;0;0;0.00;;;;;;;;;
Cultural Leonesa;Miguel Bañuz;Portero;0;320.000;0;0;0;0.00;;;;;;;;;
Almería;Gui Guedes;Centrocampista;4;310.000;1;0;1;4.00;;;;;;;;;
Las Palmas;Sory Kaba;Delantero;0;300.000;0;0;0;0.00;;;;;;;;;
Cultural Leonesa;Roger Hinojo;Defensa;0;300.000;0;0;0;0.00;;;;;;;;;
Málaga;Juan Pedro;Centrocampista;3;290.000;1;1;0;3.00;;;;;;;;;
Huesca;Hugo Pérez;Defensa;0;290.000;0;0;0;0.00;;;;;;;;;
FC Andorra;Álvaro Martín;Delantero;0;290.000;0;0;0;0.00;;;;;;;;;
Real Valladolid;Álvaro Aceves;Portero;0;290.000;0;0;0;0.00;;;;;;;;;
Burgos CF;Mario Cantero;Centrocampista;0;290.000;1;1;0;0.00;;;;;;;;;
Granada;Ander Astralaga;Portero;0;290.000;0;0;0;0.00;;;;;;;;;
Cádiz;Alfred Caicedo;Defensa;5;280.000;1;0;1;5.00;;;;;;;;;
FC Andorra;Aitor Uzkudun;Delantero;5;280.000;2;0;2;2.50;;;;;;;;;
Albacete;Lorenzo Aguado;Defensa;4;280.000;2;1;1;2.00;;;;;;;;;
Albacete;Javi Moreno;Defensa;3;280.000;1;1;0;3.00;;;;;;;;;
Leganés;Rubén Pulido;Defensa;0;280.000;0;0;0;0.00;;;;;;;;;
Real Sociedad B;Eceizabarrena;Centrocampista;3;270.000;1;1;0;3.00;;;;;;;;;
Granada;Pau Casadesús;Defensa;0;270.000;1;0;1;0.00;;;;;;;;;
Mirandes;Rafel Bauza;Centrocampista;0;270.000;0;0;0;0.00;;;;;;;;;
Real Sociedad B;Dani Díaz;Delantero;3;260.000;1;0;1;3.00;;;;;;;;;
FC Andorra;Erik Morán;Centrocampista;0;260.000;0;0;0;0.00;;;;;;;;;
Málaga;Carlos López;Portero;0;260.000;0;0;0;0.00;;;;;;;;;
Cultural Leonesa;Guzmán Ortega;Defensa;2;250.000;1;0;1;2.00;;;;;;;;;
Burgos CF;Saúl del Cerro;Centrocampista;0;250.000;0;0;0;0.00;;;;;;;;;
Huesca;Jordi Martín;Defensa;0;250.000;0;0;0;0.00;;;;;;;;;
Burgos CF;Brais Martínez;Defensa;0;240.000;0;0;0;0.00;;;;;;;;;
Cádiz;Joaquín González;Centrocampista;0;240.000;0;0;0;0.00;;;;;;;;;
Ceuta;Ugiagbe;Delantero;8;230.000;2;1;1;4.00;;;;;;;;;
Real Valladolid;Ibrahim Alani;Centrocampista;3;230.000;1;0;1;3.00;;;;;;;;;
Real Sociedad B;Gorka Carrera;Delantero;3;230.000;2;1;1;1.50;;;;;;;;;
Real Valladolid;Mario Maroto;Centrocampista;1;230.000;1;0;1;1.00;;;;;;;;;
Huesca;Manu Rico;Delantero;0;230.000;1;0;1;0.00;;;;;;;;;
Real Sociedad B;Darío Ramírez;Delantero;0;230.000;0;0;0;0.00;;;;;;;;;
Mirandes;Iker Córdoba;Defensa;-7;230.000;1;0;1;-7.00;;;;;;;;;
Huesca;Diego Aznar;Delantero;3;220.000;1;1;0;3.00;;;;;;;;;
FC Andorra;Martí Vilà;Defensa;0;220.000;0;0;0;0.00;;;;;;;;;
Almería;Marciano Sanca;Delantero;0;220.000;0;0;0;0.00;;;;;;;;;
Eibar;Luis López;Portero;0;210.000;0;0;0;0.00;;;;;;;;;
Deportivo;Eric Puerto;Portero;0;210.000;0;0;0;0.00;;;;;;;;;
Huesca;Dani Martín;Portero;0;210.000;0;0;0;0.00;;;;;;;;;
Deportivo;Diego Gómez;Delantero;0;210.000;0;0;0;0.00;;;;;;;;;
Burgos CF;Nikola Milicic;Defensa;0;210.000;0;0;0;0.00;;;;;;;;;
Ceuta;Albert Caparrós;Defensa;0;210.000;0;0;0;0.00;;;;;;;;;
Almería;Stefan Dzodic;Centrocampista;0;210.000;1;0;1;0.00;;;;;;;;;
Real Sociedad B;Kazunari Kita;Defensa;3;200.000;1;1;0;3.00;;;;;;;;;
Málaga;Moussa Diarra;Defensa;0;200.000;0;0;0;0.00;;;;;;;;;
Real Sociedad B;Egoitz Arana;Portero;0;200.000;0;0;0;0.00;;;;;;;;;
Las Palmas;Adam Arvelo;Delantero;0;200.000;0;0;0;0.00;;;;;;;;;
Cádiz;Isaac Obeng;Delantero;0;190.000;1;1;0;0.00;;;;;;;;;
Real Valladolid;Jorge Delgado;Delantero;0;180.000;0;0;0;0.00;;;;;;;;;
Real Sociedad B;Alex Marchal;Delantero;0;180.000;0;0;0;0.00;;;;;;;;;
Las Palmas;Adri Suárez;Portero;0;180.000;0;0;0;0.00;;;;;;;;;
Cádiz;David García;Centrocampista;0;180.000;0;0;0;0.00;;;;;;;;;
Huesca;Ro Abajas;Defensa;0;180.000;1;0;1;0.00;;;;;;;;;
Cultural Leonesa;Arnau Rafús;Portero;0;180.000;0;0;0;0.00;;;;;;;;;
Burgos CF;Gabriel Barès;Centrocampista;0;170.000;0;0;0;0.00;;;;;;;;;
Leganés;Andrés Campos;Delantero;0;170.000;0;0;0;0.00;;;;;;;;;
Real Sociedad B;Ekain Díaz;Defensa;0;170.000;0;0;0;0.00;;;;;;;;;
Cultural Leonesa;Nico Toca;Centrocampista;2;160.000;1;1;0;2.00;;;;;;;;;
Málaga;Ramón Enríquez;Centrocampista;0;160.000;0;0;0;0.00;;;;;;;;;
Real Sociedad B;Astigarraga;Defensa;0;160.000;0;0;0;0.00;;;;;;;;;
Real Valladolid;Iván Garriel;Defensa;2;150.000;2;1;1;1.00;;;;;;;;;
Sporting;Pierre Mbemba;Defensa;2;150.000;1;0;1;2.00;;;;;;;;;
Leganés;Miguel San Román;Portero;0;150.000;0;0;0;0.00;;;;;;;;;
Sporting;Álex Oyón;Delantero;0;150.000;0;0;0;0.00;;;;;;;;;
Málaga;Haitam Abaida;Delantero;0;150.000;0;0;0;0.00;;;;;;;;;
CD Castellon;Mamadou Traoré;Delantero;0;150.000;0;0;0;0.00;;;;;;;;;
Cádiz;Francisco Mwepu;Delantero;0;150.000;0;0;0;0.00;;;;;;;;;
Cádiz;Jorge Moreno;Defensa;0;150.000;0;0;0;0.00;;;;;;;;;
Sporting;Yann Kembo;Defensa;0;150.000;0;0;0;0.00;;;;;;;;;
